timestamp,symbol,buy_pred,sell_pred,action,price,target_price,stop_loss
2025-10-02 00:35:48,ADANIENT,0.14,0.86,SELL,2179,2071,2232
2025-10-02 00:35:48,ADANIPORTS,0.28,0.72,SELL,1422,1316,1476
2025-10-02 00:35:48,APOLLOHOSP,0.16,0.84,SELL,7450,4801,8774
2025-10-02 00:35:48,ASIANPAINT,0.58,0.42,NO TRADE,2336,,
2025-10-02 00:35:48,AXISBANK,0.3,0.7,SELL,1160,1081,1199
2025-10-02 00:35:48,BAJAJ-AUTO,0.41,0.59,NO TRADE,8630,,
2025-10-02 00:35:48,BAJAJFINSV,0.35,0.65,SELL,2005,1849,2082
2025-10-02 00:35:48,BAJFINANCE,0.21,0.79,SELL,987,915,1023
2025-10-02 00:35:48,BEL,0.23,0.77,SELL,384,381,385
2025-10-02 00:35:48,BHARTIARTL,0.19,0.81,SELL,1868,1722,1941
2025-10-02 00:35:48,CIPLA,0.39,0.61,SELL,1514,1457,1542
2025-10-02 00:35:48,COALINDIA,0.64,0.36,BUY,389,394,387
2025-10-02 00:35:48,DRREDDY,0.31,0.69,SELL,1248,1182,1280
2025-10-02 00:35:48,EICHERMOT,0.23,0.77,SELL,6991,1129,9922
2025-10-02 00:35:48,ETERNAL,0.78,0.22,BUY,300,301,299
2025-10-02 00:35:48,GRASIM,0.27,0.73,SELL,2788,2534,2914
2025-10-02 00:35:48,HCLTECH,0.46,0.54,NO TRADE,1391,,
2025-10-02 00:35:48,HDFCBANK,0.42,0.58,NO TRADE,965,,
2025-10-02 00:35:48,HDFCLIFE,0.39,0.61,SELL,763,751,770
2025-10-02 00:35:48,HEROMOTOCO,0.41,0.59,NO TRADE,5439,,
2025-10-02 00:35:48,HINDALCO,0.41,0.59,NO TRADE,766,,
2025-10-02 00:35:48,HINDUNILVR,0.22,0.78,SELL,2531,2400,2596
2025-10-02 00:35:48,ICICIBANK,0.73,0.27,BUY,1371,1452,1331
2025-10-02 00:35:48,INDUSINDBK,0.4,0.6,NO TRADE,743,,
2025-10-02 00:35:48,INFY,0.23,0.77,SELL,1447,1370,1485
2025-10-02 00:35:48,ITC,0.73,0.27,BUY,404,408,402
2025-10-02 00:35:48,JIOFIN,0.65,0.35,BUY,321,323,319
2025-10-02 00:35:48,JSWSTEEL,0.18,0.82,SELL,1145,1071,1181
2025-10-02 00:35:48,KOTAKBANK,0.23,0.77,SELL,2064,1883,2155
2025-10-02 00:35:48,LT,0.59,0.41,NO TRADE,3610,,
2025-10-02 00:35:48,M&M,0.72,0.28,BUY,3141,3364,3030
2025-10-02 00:35:48,MARUTI,0.37,0.63,SELL,15980,-21677,34808
2025-10-02 00:35:48,NESTLEIND,0.25,0.75,SELL,1166,1105,1197
2025-10-02 00:35:48,NTPC,0.21,0.79,SELL,340,338,342
2025-10-02 00:35:48,ONGC,0.27,0.73,SELL,243,241,244
2025-10-02 00:35:48,POWERGRID,0.46,0.54,NO TRADE,281,,
2025-10-02 00:35:48,RELIANCE,0.19,0.81,SELL,1370,1327,1391
2025-10-02 00:35:48,SBILIFE,0.75,0.25,BUY,1798,1903,1746
2025-10-02 00:35:48,SHRIRAMFIN,0.79,0.21,BUY,609,616,605
2025-10-02 00:35:48,SUNPHARMA,0.22,0.78,SELL,1639,1554,1681
2025-10-02 00:35:48,TCS,0.39,0.61,SELL,2916,2558,3096
2025-10-02 00:35:48,TATACONSUM,0.51,0.49,NO TRADE,1143,,
2025-10-02 00:35:48,TATAMOTORS,0.27,0.73,SELL,718,678,738
2025-10-02 00:35:48,TATASTEEL,0.44,0.56,NO TRADE,167,,
2025-10-02 00:35:48,TECHM,0.7,0.3,BUY,1416,1511,1368
2025-10-02 00:35:48,TITAN,0.75,0.25,BUY,3410,3903,3163
2025-10-02 00:35:48,TRENT,0.37,0.63,SELL,5308,4433,5745
2025-10-02 00:35:48,ULTRACEMCO,0.66,0.34,BUY,12098,14590,10851
2025-10-02 00:35:48,WIPRO,0.39,0.61,SELL,241,239,242
2025-10-02 09:42:14,ADANIENT,0.14,0.86,SELL,2179,2071,2232
2025-10-02 09:42:14,ADANIPORTS,0.28,0.72,SELL,1422,1316,1476
2025-10-02 09:42:14,APOLLOHOSP,0.16,0.84,SELL,7450,4801,8774
2025-10-02 09:42:14,ASIANPAINT,0.58,0.42,NO TRADE,2336,,
2025-10-02 09:42:14,AXISBANK,0.3,0.7,SELL,1160,1081,1199
2025-10-02 09:42:14,BAJAJ-AUTO,0.41,0.59,NO TRADE,8630,,
2025-10-02 09:42:14,BAJAJFINSV,0.35,0.65,SELL,2005,1849,2082
2025-10-02 09:42:14,BAJFINANCE,0.21,0.79,SELL,987,915,1023
2025-10-02 09:42:14,BEL,0.23,0.77,SELL,384,381,385
2025-10-02 09:42:14,BHARTIARTL,0.19,0.81,SELL,1868,1722,1941
2025-10-02 09:42:14,CIPLA,0.39,0.61,SELL,1514,1457,1542
2025-10-02 09:42:14,COALINDIA,0.64,0.36,BUY,389,394,387
2025-10-02 09:42:14,DRREDDY,0.31,0.69,SELL,1248,1182,1280
2025-10-02 09:42:14,EICHERMOT,0.23,0.77,SELL,6991,1129,9922
2025-10-02 09:42:14,ETERNAL,0.78,0.22,BUY,300,301,299
2025-10-02 09:42:14,GRASIM,0.27,0.73,SELL,2788,2534,2914
2025-10-02 09:42:14,HCLTECH,0.46,0.54,NO TRADE,1391,,
2025-10-02 09:42:14,HDFCBANK,0.42,0.58,NO TRADE,965,,
2025-10-02 09:42:14,HDFCLIFE,0.39,0.61,SELL,763,751,770
2025-10-02 09:42:14,HEROMOTOCO,0.41,0.59,NO TRADE,5439,,
2025-10-02 09:42:14,HINDALCO,0.41,0.59,NO TRADE,766,,
2025-10-02 09:42:14,HINDUNILVR,0.22,0.78,SELL,2531,2400,2596
2025-10-02 09:42:14,ICICIBANK,0.73,0.27,BUY,1371,1452,1331
2025-10-02 09:42:14,INDUSINDBK,0.4,0.6,NO TRADE,743,,
2025-10-02 09:42:14,INFY,0.23,0.77,SELL,1447,1370,1485
2025-10-02 09:42:14,ITC,0.73,0.27,BUY,404,408,402
2025-10-02 09:42:14,JIOFIN,0.65,0.35,BUY,321,323,319
2025-10-02 09:42:14,JSWSTEEL,0.18,0.82,SELL,1145,1071,1181
2025-10-02 09:42:14,KOTAKBANK,0.23,0.77,SELL,2064,1883,2155
2025-10-02 09:42:14,LT,0.59,0.41,NO TRADE,3610,,
2025-10-02 09:42:14,M&M,0.72,0.28,BUY,3141,3364,3030
2025-10-02 09:42:14,MARUTI,0.37,0.63,SELL,15980,-21677,34808
2025-10-02 09:42:14,NESTLEIND,0.25,0.75,SELL,1166,1105,1197
2025-10-02 09:42:14,NTPC,0.21,0.79,SELL,340,338,342
2025-10-02 09:42:14,ONGC,0.27,0.73,SELL,243,241,244
2025-10-02 09:42:14,POWERGRID,0.46,0.54,NO TRADE,281,,
2025-10-02 09:42:14,RELIANCE,0.19,0.81,SELL,1370,1327,1391
2025-10-02 09:42:14,SBILIFE,0.75,0.25,BUY,1798,1903,1746
2025-10-02 09:42:14,SHRIRAMFIN,0.79,0.21,BUY,609,616,605
2025-10-02 09:42:14,SUNPHARMA,0.22,0.78,SELL,1639,1554,1681
2025-10-02 09:42:14,TCS,0.39,0.61,SELL,2916,2558,3096
2025-10-02 09:42:14,TATACONSUM,0.51,0.49,NO TRADE,1143,,
2025-10-02 09:42:14,TATAMOTORS,0.27,0.73,SELL,718,678,738
2025-10-02 09:42:14,TATASTEEL,0.44,0.56,NO TRADE,167,,
2025-10-02 09:42:14,TECHM,0.7,0.3,BUY,1416,1511,1368
2025-10-02 09:42:14,TITAN,0.75,0.25,BUY,3410,3903,3163
2025-10-02 09:42:14,TRENT,0.37,0.63,SELL,5308,4433,5745
2025-10-02 09:42:14,ULTRACEMCO,0.66,0.34,BUY,12098,14590,10851
2025-10-02 09:42:14,WIPRO,0.39,0.61,SELL,241,239,242
2025-10-02 10:01:41,ADANIENT,0.14,0.8600000143051147,SELL,2179,2071,2232
2025-10-02 10:01:41,ADANIPORTS,0.3,0.699999988079071,SELL,1422,1314,1477
2025-10-02 10:01:41,APOLLOHOSP,0.17,0.8299999833106995,SELL,7450,5265,8542
2025-10-02 10:01:41,ASIANPAINT,0.55,0.44999998807907104,NO TRADE,2336,,
2025-10-02 10:01:41,AXISBANK,0.58,0.41999998688697815,NO TRADE,1160,,
2025-10-02 10:01:41,BAJAJ-AUTO,0.4,0.6000000238418579,NO TRADE,8630,,
2025-10-02 10:01:41,BAJAJFINSV,0.35,0.6499999761581421,SELL,2005,1851,2081
2025-10-02 10:01:41,BAJFINANCE,0.41,0.5899999737739563,NO TRADE,987,,
2025-10-02 10:01:41,BEL,0.23,0.7699999809265137,SELL,384,381,385
2025-10-02 10:01:41,BHARTIARTL,0.42,0.5799999833106995,NO TRADE,1868,,
2025-10-02 10:01:41,CIPLA,0.35,0.6499999761581421,SELL,1514,1454,1543
2025-10-02 10:01:41,COALINDIA,0.54,0.46000000834465027,NO TRADE,389,,
2025-10-02 10:01:41,DRREDDY,0.34,0.6600000262260437,SELL,1248,1200,1271
2025-10-02 10:01:41,EICHERMOT,0.28,0.7200000286102295,SELL,6991,1176,9899
2025-10-02 10:01:41,ETERNAL,0.78,0.2199999988079071,BUY,300,301,299
2025-10-02 10:01:41,GRASIM,0.3,0.699999988079071,SELL,2788,2522,2920
2025-10-02 10:01:41,HCLTECH,0.54,0.46000000834465027,NO TRADE,1391,,
2025-10-02 10:01:41,HDFCBANK,0.63,0.3700000047683716,BUY,965,976,959
2025-10-02 10:01:41,HDFCLIFE,0.57,0.4300000071525574,NO TRADE,763,,
2025-10-02 10:01:41,HEROMOTOCO,0.49,0.5099999904632568,NO TRADE,5439,,
2025-10-02 10:01:41,HINDALCO,0.38,0.6200000047683716,SELL,766,721,788
2025-10-02 10:01:41,HINDUNILVR,0.17,0.8299999833106995,SELL,2531,2399,2596
2025-10-02 10:01:41,ICICIBANK,0.77,0.23000000417232513,BUY,1371,1439,1337
2025-10-02 10:01:41,INDUSINDBK,0.38,0.6200000047683716,SELL,743,718,755
2025-10-02 10:01:41,INFY,0.28,0.7200000286102295,SELL,1447,1394,1474
2025-10-02 10:01:41,ITC,0.7,0.30000001192092896,BUY,404,409,402
2025-10-02 10:01:41,JIOFIN,0.65,0.3499999940395355,BUY,321,323,319
2025-10-02 10:01:41,JSWSTEEL,0.18,0.8199999928474426,SELL,1145,1069,1182
2025-10-02 10:01:41,KOTAKBANK,0.25,0.75,SELL,2064,1875,2159
2025-10-02 10:01:41,LT,0.59,0.4099999964237213,NO TRADE,3610,,
2025-10-02 10:01:41,M&M,0.72,0.2800000011920929,BUY,3141,3364,3030
2025-10-02 10:01:41,MARUTI,0.42,0.5799999833106995,NO TRADE,15980,,
2025-10-02 10:01:41,NESTLEIND,0.25,0.75,SELL,1166,1108,1195
2025-10-02 10:01:41,NTPC,0.18,0.8199999928474426,SELL,340,337,342
2025-10-02 10:01:41,ONGC,0.21,0.7900000214576721,SELL,243,241,244
2025-10-02 10:01:41,POWERGRID,0.48,0.5199999809265137,NO TRADE,281,,
2025-10-02 10:01:41,RELIANCE,0.42,0.5799999833106995,NO TRADE,1370,,
2025-10-02 10:01:41,SBILIFE,0.84,0.1599999964237213,BUY,1798,1909,1743
2025-10-02 10:01:41,SHRIRAMFIN,0.79,0.20999999344348907,BUY,609,616,605
2025-10-02 10:01:41,SUNPHARMA,0.18,0.8199999928474426,SELL,1639,1554,1681
2025-10-02 10:01:41,TCS,0.6,0.4000000059604645,NO TRADE,2916,,
2025-10-02 10:01:41,TATACONSUM,0.54,0.46000000834465027,NO TRADE,1143,,
2025-10-02 10:01:41,TATAMOTORS,0.35,0.6499999761581421,SELL,718,677,738
2025-10-02 10:01:41,TATASTEEL,0.39,0.6100000143051147,SELL,167,166,168
2025-10-02 10:01:41,TECHM,0.67,0.33000001311302185,BUY,1416,1501,1373
2025-10-02 10:01:41,TITAN,0.78,0.2199999988079071,BUY,3410,3736,3246
2025-10-02 10:01:41,TRENT,0.37,0.6299999952316284,SELL,5308,4433,5745
2025-10-02 10:01:41,ULTRACEMCO,0.68,0.3199999928474426,BUY,12098,14124,11084
2025-10-02 10:01:41,WIPRO,0.4,0.6000000238418579,NO TRADE,241,,
2025-10-02 10:21:42,ADANIENT,0.14,0.8600000143051147,SELL,2179,2071,2232
2025-10-02 10:21:42,ADANIPORTS,0.3,0.699999988079071,SELL,1422,1314,1477
2025-10-02 10:21:42,APOLLOHOSP,0.17,0.8299999833106995,SELL,7450,5265,8542
2025-10-02 10:21:42,ASIANPAINT,0.55,0.44999998807907104,NO TRADE,2336,,
2025-10-02 10:21:42,AXISBANK,0.58,0.41999998688697815,NO TRADE,1160,,
2025-10-02 10:21:42,BAJAJ-AUTO,0.4,0.6000000238418579,NO TRADE,8630,,
2025-10-02 10:21:42,BAJAJFINSV,0.35,0.6499999761581421,SELL,2005,1851,2081
2025-10-02 10:21:42,BAJFINANCE,0.41,0.5899999737739563,NO TRADE,987,,
2025-10-02 10:21:42,BEL,0.23,0.7699999809265137,SELL,384,381,385
2025-10-02 10:21:42,BHARTIARTL,0.42,0.5799999833106995,NO TRADE,1868,,
2025-10-02 10:21:42,CIPLA,0.35,0.6499999761581421,SELL,1514,1454,1543
2025-10-02 10:21:42,COALINDIA,0.54,0.46000000834465027,NO TRADE,389,,
2025-10-02 10:21:42,DRREDDY,0.34,0.6600000262260437,SELL,1248,1200,1271
2025-10-02 10:21:42,EICHERMOT,0.28,0.7200000286102295,SELL,6991,1176,9899
2025-10-02 10:21:42,ETERNAL,0.78,0.2199999988079071,BUY,300,301,299
2025-10-02 10:21:42,GRASIM,0.3,0.699999988079071,SELL,2788,2522,2920
2025-10-02 10:21:42,HCLTECH,0.54,0.46000000834465027,NO TRADE,1391,,
2025-10-02 10:21:42,HDFCBANK,0.63,0.3700000047683716,BUY,965,976,959
2025-10-02 10:21:42,HDFCLIFE,0.57,0.4300000071525574,NO TRADE,763,,
2025-10-02 10:21:42,HEROMOTOCO,0.49,0.5099999904632568,NO TRADE,5439,,
2025-10-02 10:21:42,HINDALCO,0.38,0.6200000047683716,SELL,766,721,788
2025-10-02 10:21:42,HINDUNILVR,0.17,0.8299999833106995,SELL,2531,2399,2596
2025-10-02 10:21:42,ICICIBANK,0.77,0.23000000417232513,BUY,1371,1439,1337
2025-10-02 10:21:42,INDUSINDBK,0.38,0.6200000047683716,SELL,743,718,755
2025-10-02 10:21:42,INFY,0.28,0.7200000286102295,SELL,1447,1394,1474
2025-10-02 10:21:42,ITC,0.7,0.30000001192092896,BUY,404,409,402
2025-10-02 10:21:42,JIOFIN,0.65,0.3499999940395355,BUY,321,323,319
2025-10-02 10:21:42,JSWSTEEL,0.18,0.8199999928474426,SELL,1145,1069,1182
2025-10-02 10:21:42,KOTAKBANK,0.25,0.75,SELL,2064,1875,2159
2025-10-02 10:21:42,LT,0.59,0.4099999964237213,NO TRADE,3610,,
2025-10-02 10:21:42,M&M,0.72,0.2800000011920929,BUY,3141,3364,3030
2025-10-02 10:21:42,MARUTI,0.42,0.5799999833106995,NO TRADE,15980,,
2025-10-02 10:21:42,NESTLEIND,0.25,0.75,SELL,1166,1108,1195
2025-10-02 10:21:42,NTPC,0.18,0.8199999928474426,SELL,340,337,342
2025-10-02 10:21:42,ONGC,0.21,0.7900000214576721,SELL,243,241,244
2025-10-02 10:21:42,POWERGRID,0.48,0.5199999809265137,NO TRADE,281,,
2025-10-02 10:21:42,RELIANCE,0.42,0.5799999833106995,NO TRADE,1370,,
2025-10-02 10:21:42,SBILIFE,0.84,0.1599999964237213,BUY,1798,1909,1743
2025-10-02 10:21:42,SHRIRAMFIN,0.79,0.20999999344348907,BUY,609,616,605
2025-10-02 10:21:42,SUNPHARMA,0.18,0.8199999928474426,SELL,1639,1554,1681
2025-10-02 10:21:42,TCS,0.6,0.4000000059604645,NO TRADE,2916,,
2025-10-02 10:21:42,TATACONSUM,0.54,0.46000000834465027,NO TRADE,1143,,
2025-10-02 10:21:42,TATAMOTORS,0.35,0.6499999761581421,SELL,718,677,738
2025-10-02 10:21:42,TATASTEEL,0.39,0.6100000143051147,SELL,167,166,168
2025-10-02 10:21:42,TECHM,0.67,0.33000001311302185,BUY,1416,1501,1373
2025-10-02 10:21:42,TITAN,0.78,0.2199999988079071,BUY,3410,3736,3246
2025-10-02 10:21:42,TRENT,0.37,0.6299999952316284,SELL,5308,4433,5745
2025-10-02 10:21:42,ULTRACEMCO,0.68,0.3199999928474426,BUY,12098,14124,11084
2025-10-02 10:21:42,WIPRO,0.4,0.6000000238418579,NO TRADE,241,,
2025-10-02 16:01:28,ADANIENT,0.14,0.8600000143051147,SELL,2179,2071,2232
2025-10-02 16:01:28,ADANIPORTS,0.3,0.699999988079071,SELL,1422,1314,1477
2025-10-02 16:01:28,APOLLOHOSP,0.17,0.8299999833106995,SELL,7450,5265,8542
2025-10-02 16:01:28,ASIANPAINT,0.55,0.44999998807907104,NO TRADE,2336,,
2025-10-02 16:01:28,AXISBANK,0.58,0.41999998688697815,NO TRADE,1160,,
2025-10-02 16:01:28,BAJAJ-AUTO,0.4,0.6000000238418579,NO TRADE,8630,,
2025-10-02 16:01:28,BAJAJFINSV,0.35,0.6499999761581421,SELL,2005,1851,2081
2025-10-02 16:01:28,BAJFINANCE,0.41,0.5899999737739563,NO TRADE,987,,
2025-10-02 16:01:28,BEL,0.23,0.7699999809265137,SELL,384,381,385
2025-10-02 16:01:28,BHARTIARTL,0.42,0.5799999833106995,NO TRADE,1868,,
2025-10-02 16:01:28,CIPLA,0.35,0.6499999761581421,SELL,1514,1454,1543
2025-10-02 16:01:28,COALINDIA,0.54,0.46000000834465027,NO TRADE,389,,
2025-10-02 16:01:28,DRREDDY,0.34,0.6600000262260437,SELL,1248,1200,1271
2025-10-02 16:01:28,EICHERMOT,0.28,0.7200000286102295,SELL,6991,1176,9899
2025-10-02 16:01:28,ETERNAL,0.78,0.2199999988079071,BUY,300,301,299
2025-10-02 16:01:28,GRASIM,0.3,0.699999988079071,SELL,2788,2522,2920
2025-10-02 16:01:28,HCLTECH,0.54,0.46000000834465027,NO TRADE,1391,,
2025-10-02 16:01:28,HDFCBANK,0.63,0.3700000047683716,BUY,965,976,959
2025-10-02 16:01:28,HDFCLIFE,0.57,0.4300000071525574,NO TRADE,763,,
2025-10-02 16:01:28,HEROMOTOCO,0.49,0.5099999904632568,NO TRADE,5439,,
2025-10-02 16:01:28,HINDALCO,0.38,0.6200000047683716,SELL,766,721,788
2025-10-02 16:01:28,HINDUNILVR,0.17,0.8299999833106995,SELL,2531,2399,2596
2025-10-02 16:01:28,ICICIBANK,0.77,0.23000000417232513,BUY,1371,1439,1337
2025-10-02 16:01:28,INDUSINDBK,0.38,0.6200000047683716,SELL,743,718,755
2025-10-02 16:01:28,INFY,0.28,0.7200000286102295,SELL,1447,1394,1474
2025-10-02 16:01:28,ITC,0.7,0.30000001192092896,BUY,404,409,402
2025-10-02 16:01:28,JIOFIN,0.65,0.3499999940395355,BUY,321,323,319
2025-10-02 16:01:28,JSWSTEEL,0.18,0.8199999928474426,SELL,1145,1069,1182
2025-10-02 16:01:28,KOTAKBANK,0.25,0.75,SELL,2064,1875,2159
2025-10-02 16:01:28,LT,0.59,0.4099999964237213,NO TRADE,3610,,
2025-10-02 16:01:28,M&M,0.72,0.2800000011920929,BUY,3141,3364,3030
2025-10-02 16:01:28,MARUTI,0.42,0.5799999833106995,NO TRADE,15980,,
2025-10-02 16:01:28,NESTLEIND,0.25,0.75,SELL,1166,1108,1195
2025-10-02 16:01:28,NTPC,0.18,0.8199999928474426,SELL,340,337,342
2025-10-02 16:01:28,ONGC,0.21,0.7900000214576721,SELL,243,241,244
2025-10-02 16:01:28,POWERGRID,0.48,0.5199999809265137,NO TRADE,281,,
2025-10-02 16:01:28,RELIANCE,0.42,0.5799999833106995,NO TRADE,1370,,
2025-10-02 16:01:28,SBILIFE,0.84,0.1599999964237213,BUY,1798,1909,1743
2025-10-02 16:01:28,SHRIRAMFIN,0.79,0.20999999344348907,BUY,609,616,605
2025-10-02 16:01:28,SUNPHARMA,0.18,0.8199999928474426,SELL,1639,1554,1681
2025-10-02 16:01:28,TCS,0.6,0.4000000059604645,NO TRADE,2916,,
2025-10-02 16:01:28,TATACONSUM,0.54,0.46000000834465027,NO TRADE,1143,,
2025-10-02 16:01:28,TATAMOTORS,0.35,0.6499999761581421,SELL,718,677,738
2025-10-02 16:01:28,TATASTEEL,0.39,0.6100000143051147,SELL,167,166,168
2025-10-02 16:01:28,TECHM,0.67,0.33000001311302185,BUY,1416,1501,1373
2025-10-02 16:01:28,TITAN,0.78,0.2199999988079071,BUY,3410,3736,3246
2025-10-02 16:01:28,TRENT,0.37,0.6299999952316284,SELL,5308,4433,5745
2025-10-02 16:01:28,ULTRACEMCO,0.68,0.3199999928474426,BUY,12098,14124,11084
2025-10-02 16:01:28,WIPRO,0.4,0.6000000238418579,NO TRADE,241,,
2025-10-03 09:33:12,ADANIENT,0.14,0.8600000143051147,SELL,2179,2071,2232
2025-10-03 09:33:12,ADANIPORTS,0.28,0.7200000286102295,SELL,1418,1351,1451
2025-10-03 09:33:12,APOLLOHOSP,0.14,0.8600000143051147,SELL,7415,6419,7912
2025-10-03 09:33:12,ASIANPAINT,0.36,0.6399999856948853,SELL,2344,2248,2392
2025-10-03 09:33:12,AXISBANK,0.32,0.6800000071525574,SELL,1183,1146,1202
2025-10-03 09:33:12,BAJAJ-AUTO,0.39,0.6100000143051147,SELL,8528,6720,9431
2025-10-03 09:33:12,BAJAJFINSV,0.25,0.75,SELL,1988,1899,2032
2025-10-03 09:33:12,BAJFINANCE,0.2,0.800000011920929,SELL,977,952,989
2025-10-03 09:33:12,BEL,0.23,0.7699999809265137,SELL,384,381,385
2025-10-03 09:33:12,BHARTIARTL,0.58,0.41999998688697815,NO TRADE,1863,,
2025-10-03 09:33:12,CIPLA,0.21,0.7900000214576721,SELL,1525,1469,1553
2025-10-03 09:33:12,COALINDIA,0.42,0.5799999833106995,NO TRADE,383,,
2025-10-03 09:33:12,DRREDDY,0.45,0.550000011920929,NO TRADE,1249,,
2025-10-03 09:33:12,EICHERMOT,0.27,0.7300000190734863,SELL,6880,5397,7621
2025-10-03 09:33:12,ETERNAL,0.78,0.2199999988079071,BUY,300,301,299
2025-10-03 09:33:12,GRASIM,0.08,0.9200000166893005,SELL,2768,2579,2862
2025-10-03 09:33:12,HCLTECH,0.58,0.41999998688697815,NO TRADE,1395,,
2025-10-03 09:33:12,HDFCBANK,0.24,0.7599999904632568,SELL,957,940,966
2025-10-03 09:33:12,HDFCLIFE,0.62,0.3799999952316284,BUY,764,777,758
2025-10-03 09:33:12,HEROMOTOCO,0.16,0.8399999737739563,SELL,5390,4599,5785
2025-10-03 09:33:12,HINDALCO,0.31,0.6899999976158142,SELL,765,754,771
2025-10-03 09:33:12,HINDUNILVR,0.08,0.9200000166893005,SELL,2512,2380,2579
2025-10-03 09:33:12,ICICIBANK,0.62,0.3799999952316284,BUY,1365,1398,1349
2025-10-03 09:33:12,INDUSINDBK,0.64,0.36000001430511475,BUY,746,761,739
2025-10-03 09:33:12,INFY,0.28,0.7200000286102295,SELL,1438,1385,1465
2025-10-03 09:33:12,ITC,0.65,0.3499999940395355,BUY,402,405,401
2025-10-03 09:33:12,JIOFIN,0.65,0.3499999940395355,BUY,321,323,319
2025-10-03 09:33:12,JSWSTEEL,0.21,0.7900000214576721,SELL,1153,1123,1168
2025-10-03 09:33:12,KOTAKBANK,0.21,0.7900000214576721,SELL,2076,1973,2127
2025-10-03 09:33:12,LT,0.59,0.4099999964237213,NO TRADE,3610,,
2025-10-03 09:33:12,M&M,0.72,0.2800000011920929,BUY,3141,3364,3030
2025-10-03 09:33:12,MARUTI,0.17,0.8299999833106995,SELL,15838,10579,18467
2025-10-03 09:33:12,NESTLEIND,0.17,0.8299999833106995,SELL,1156,1129,1170
2025-10-03 09:33:12,NTPC,0.14,0.8600000143051147,SELL,340,338,341
2025-10-03 09:33:12,ONGC,0.23,0.7699999809265137,SELL,240,239,241
2025-10-03 09:33:12,POWERGRID,0.17,0.8299999833106995,SELL,282,281,283
2025-10-03 09:33:12,RELIANCE,0.41,0.5899999737739563,NO TRADE,1364,,
2025-10-03 09:33:12,SBILIFE,0.67,0.33000001311302185,BUY,1791,1861,1756
2025-10-03 09:33:12,SHRIRAMFIN,0.79,0.20999999344348907,BUY,609,616,605
2025-10-03 09:33:12,SUNPHARMA,0.34,0.6600000262260437,SELL,1645,1588,1673
2025-10-03 09:33:12,TCS,0.66,0.3400000035762787,BUY,2906,3089,2815
2025-10-03 09:33:12,TATACONSUM,0.17,0.8299999833106995,SELL,1134,1106,1148
2025-10-03 09:33:12,TATAMOTORS,0.33,0.6700000166893005,SELL,724,701,735
2025-10-03 09:33:12,TATASTEEL,0.39,0.6100000143051147,SELL,172,171,172
2025-10-03 09:33:12,TECHM,0.54,0.46000000834465027,NO TRADE,1416,,
2025-10-03 09:33:12,TITAN,0.47,0.5299999713897705,NO TRADE,3399,,
2025-10-03 09:33:12,TRENT,0.37,0.6299999952316284,SELL,5308,4433,5745
2025-10-03 09:33:12,ULTRACEMCO,0.37,0.6299999952316284,SELL,12019,9651,13202
2025-10-03 09:33:12,WIPRO,0.41,0.5899999737739563,NO TRADE,238,,
2025-10-03 10:33:11,ADANIENT,0.14,0.8600000143051147,SELL,2179,2071,2232
2025-10-03 10:33:11,ADANIPORTS,0.17,0.8299999833106995,SELL,1424,1371,1450
2025-10-03 10:33:11,APOLLOHOSP,0.32,0.6800000071525574,SELL,7416,6431,7908
2025-10-03 10:33:11,ASIANPAINT,0.34,0.6600000262260437,SELL,2344,2252,2390
2025-10-03 10:33:11,AXISBANK,0.24,0.7599999904632568,SELL,1178,1131,1201
2025-10-03 10:33:11,BAJAJ-AUTO,0.52,0.47999998927116394,NO TRADE,8513,,
2025-10-03 10:33:11,BAJAJFINSV,0.35,0.6499999761581421,SELL,1972,1880,2018
2025-10-03 10:33:11,BAJFINANCE,0.46,0.5400000214576721,NO TRADE,974,,
2025-10-03 10:33:11,BEL,0.23,0.7699999809265137,SELL,384,381,385
2025-10-03 10:33:11,BHARTIARTL,0.19,0.8100000023841858,SELL,1875,1804,1910
2025-10-03 10:33:11,CIPLA,0.25,0.75,SELL,1516,1468,1540
2025-10-03 10:33:11,COALINDIA,0.41,0.5899999737739563,NO TRADE,382,,
2025-10-03 10:33:11,DRREDDY,0.14,0.8600000143051147,SELL,1251,1217,1267
2025-10-03 10:33:11,EICHERMOT,0.28,0.7200000286102295,SELL,6897,4985,7853
2025-10-03 10:33:11,ETERNAL,0.78,0.2199999988079071,BUY,300,301,299
2025-10-03 10:33:11,GRASIM,0.12,0.8799999952316284,SELL,2779,2597,2869
2025-10-03 10:33:11,HCLTECH,0.17,0.8299999833106995,SELL,1389,1354,1406
2025-10-03 10:33:11,HDFCBANK,0.81,0.1899999976158142,BUY,959,973,952
2025-10-03 10:33:11,HDFCLIFE,0.66,0.3400000035762787,BUY,759,773,752
2025-10-03 10:33:11,HEROMOTOCO,0.33,0.6700000166893005,SELL,5407,4367,5926
2025-10-03 10:33:11,HINDALCO,0.11,0.8899999856948853,SELL,782,765,791
2025-10-03 10:33:11,HINDUNILVR,0.09,0.9100000262260437,SELL,2531,2391,2601
2025-10-03 10:33:11,ICICIBANK,0.63,0.3700000047683716,BUY,1367,1400,1350
2025-10-03 10:33:11,INDUSINDBK,0.22,0.7799999713897705,SELL,742,724,751
2025-10-03 10:33:11,INFY,0.16,0.8399999737739563,SELL,1441,1397,1464
2025-10-03 10:33:11,ITC,0.82,0.18000000715255737,BUY,403,406,402
2025-10-03 10:33:11,JIOFIN,0.65,0.3499999940395355,BUY,321,323,319
2025-10-03 10:33:11,JSWSTEEL,0.2,0.800000011920929,SELL,1159,1123,1176
2025-10-03 10:33:11,KOTAKBANK,0.12,0.8799999952316284,SELL,2098,1972,2160
2025-10-03 10:33:11,LT,0.59,0.4099999964237213,NO TRADE,3610,,
2025-10-03 10:33:11,M&M,0.72,0.2800000011920929,BUY,3141,3364,3030
2025-10-03 10:33:11,MARUTI,0.31,0.6899999976158142,SELL,15816,8793,19327
2025-10-03 10:33:11,NESTLEIND,0.07,0.9300000071525574,SELL,1163,1136,1176
2025-10-03 10:33:11,NTPC,0.36,0.6399999856948853,SELL,339,337,340
2025-10-03 10:33:11,ONGC,0.58,0.41999998688697815,NO TRADE,240,,
2025-10-03 10:33:11,POWERGRID,0.57,0.4300000071525574,NO TRADE,283,,
2025-10-03 10:33:11,RELIANCE,0.55,0.44999998807907104,NO TRADE,1364,,
2025-10-03 10:33:11,SBILIFE,0.62,0.3799999952316284,BUY,1782,1852,1747
2025-10-03 10:33:11,SHRIRAMFIN,0.79,0.20999999344348907,BUY,609,616,605
2025-10-03 10:33:11,SUNPHARMA,0.2,0.800000011920929,SELL,1622,1558,1653
2025-10-03 10:33:11,TCS,0.35,0.6499999761581421,SELL,2901,2737,2983
2025-10-03 10:33:11,TATACONSUM,0.27,0.7300000190734863,SELL,1135,1105,1150
2025-10-03 10:33:11,TATAMOTORS,0.27,0.7300000190734863,SELL,722,693,737
2025-10-03 10:33:11,TATASTEEL,0.23,0.7699999809265137,SELL,173,172,173
2025-10-03 10:33:11,TECHM,0.27,0.7300000190734863,SELL,1413,1372,1433
2025-10-03 10:33:11,TITAN,0.43,0.5699999928474426,NO TRADE,3391,,
2025-10-03 10:33:11,TRENT,0.37,0.6299999952316284,SELL,5308,4433,5745
2025-10-03 10:33:11,ULTRACEMCO,0.57,0.4300000071525574,NO TRADE,12006,,
2025-10-03 10:33:11,WIPRO,0.42,0.5799999833106995,NO TRADE,239,,
2025-10-03 11:33:07,ADANIENT,0.14,0.8600000143051147,SELL,2179,2071,2232
2025-10-03 11:33:07,ADANIPORTS,0.37,0.6299999952316284,SELL,1413,1374,1432
2025-10-03 11:33:07,APOLLOHOSP,0.29,0.7099999785423279,SELL,7445,6694,7820
2025-10-03 11:33:07,ASIANPAINT,0.74,0.25999999046325684,BUY,2342,2409,2309
2025-10-03 11:33:07,AXISBANK,0.19,0.8100000023841858,SELL,1171,1143,1185
2025-10-03 11:33:07,BAJAJ-AUTO,0.11,0.8899999856948853,SELL,8620,6747,9556
2025-10-03 11:33:07,BAJAJFINSV,0.93,0.07000000029802322,BUY,1985,2047,1953
2025-10-03 11:33:07,BAJFINANCE,0.14,0.8600000143051147,SELL,983,964,992
2025-10-03 11:33:07,BEL,0.23,0.7699999809265137,SELL,384,381,385
2025-10-03 11:33:07,BHARTIARTL,0.38,0.6200000047683716,SELL,1877,1825,1903
2025-10-03 11:33:07,CIPLA,0.22,0.7799999713897705,SELL,1518,1485,1534
2025-10-03 11:33:07,COALINDIA,0.36,0.6399999856948853,SELL,382,380,383
2025-10-03 11:33:07,DRREDDY,0.11,0.8899999856948853,SELL,1247,1224,1259
2025-10-03 11:33:07,EICHERMOT,0.61,0.38999998569488525,BUY,6933,8184,6307
2025-10-03 11:33:07,ETERNAL,0.78,0.2199999988079071,BUY,300,301,299
2025-10-03 11:33:07,GRASIM,0.62,0.3799999952316284,BUY,2793,2972,2704
2025-10-03 11:33:07,HCLTECH,0.39,0.6100000143051147,SELL,1386,1357,1401
2025-10-03 11:33:07,HDFCBANK,0.16,0.8399999737739563,SELL,962,946,971
2025-10-03 11:33:07,HDFCLIFE,0.43,0.5699999928474426,NO TRADE,759,,
2025-10-03 11:33:07,HEROMOTOCO,0.09,0.9100000262260437,SELL,5537,4527,6041
2025-10-03 11:33:07,HINDALCO,0.39,0.6100000143051147,SELL,780,759,791
2025-10-03 11:33:07,HINDUNILVR,0.73,0.27000001072883606,BUY,2530,2615,2488
2025-10-03 11:33:07,ICICIBANK,0.17,0.8299999833106995,SELL,1368,1342,1381
2025-10-03 11:33:07,INDUSINDBK,0.2,0.800000011920929,SELL,742,731,748
2025-10-03 11:33:07,INFY,0.65,0.3499999940395355,BUY,1443,1473,1428
2025-10-03 11:33:07,ITC,0.73,0.27000001072883606,BUY,404,406,403
2025-10-03 11:33:07,JIOFIN,0.65,0.3499999940395355,BUY,321,323,319
2025-10-03 11:33:07,JSWSTEEL,0.11,0.8899999856948853,SELL,1158,1130,1172
2025-10-03 11:33:07,KOTAKBANK,0.1,0.8999999761581421,SELL,2094,1991,2146
2025-10-03 11:33:07,LT,0.59,0.4099999964237213,NO TRADE,3610,,
2025-10-03 11:33:07,M&M,0.72,0.2800000011920929,BUY,3141,3364,3030
2025-10-03 11:33:07,MARUTI,0.14,0.8600000143051147,SELL,15850,10746,18401
2025-10-03 11:33:07,NESTLEIND,0.14,0.8600000143051147,SELL,1161,1146,1168
2025-10-03 11:33:07,NTPC,0.46,0.5400000214576721,NO TRADE,341,,
2025-10-03 11:33:07,ONGC,0.85,0.15000000596046448,BUY,241,242,241
2025-10-03 11:33:07,POWERGRID,0.16,0.8399999737739563,SELL,284,283,285
2025-10-03 11:33:07,RELIANCE,0.32,0.6800000071525574,SELL,1360,1341,1370
2025-10-03 11:33:07,SBILIFE,0.65,0.3499999940395355,BUY,1772,1829,1744
2025-10-03 11:33:07,SHRIRAMFIN,0.79,0.20999999344348907,BUY,609,616,605
2025-10-03 11:33:07,SUNPHARMA,0.23,0.7699999809265137,SELL,1613,1570,1635
2025-10-03 11:33:07,TCS,0.65,0.3499999940395355,BUY,2899,3005,2846
2025-10-03 11:33:07,TATACONSUM,0.3,0.699999988079071,SELL,1133,1109,1144
2025-10-03 11:33:07,TATAMOTORS,0.21,0.7900000214576721,SELL,720,706,727
2025-10-03 11:33:07,TATASTEEL,0.28,0.7200000286102295,SELL,173,172,173
2025-10-03 11:33:07,TECHM,0.21,0.7900000214576721,SELL,1412,1378,1428
2025-10-03 11:33:07,TITAN,0.56,0.4399999976158142,NO TRADE,3396,,
2025-10-03 11:33:07,TRENT,0.37,0.6299999952316284,SELL,5308,4433,5745
2025-10-03 11:33:07,ULTRACEMCO,0.88,0.11999999731779099,BUY,12004,14098,10956
2025-10-03 11:33:07,WIPRO,0.12,0.8799999952316284,SELL,239,238,240
2025-10-03 12:33:01,ADANIENT,0.14,0.8600000143051147,SELL,2179,2071,2232
2025-10-03 12:33:01,ADANIPORTS,0.11,0.8899999856948853,SELL,1413,1381,1429
2025-10-03 12:33:01,APOLLOHOSP,0.58,0.41999998688697815,NO TRADE,7432,,
2025-10-03 12:33:01,ASIANPAINT,0.86,0.14000000059604645,BUY,2340,2403,2308
2025-10-03 12:33:01,AXISBANK,0.32,0.6800000071525574,SELL,1173,1147,1185
2025-10-03 12:33:01,BAJAJ-AUTO,0.22,0.7799999713897705,SELL,8621,6789,9536
2025-10-03 12:33:01,BAJAJFINSV,0.09,0.9100000262260437,SELL,1989,1936,2015
2025-10-03 12:33:01,BAJFINANCE,0.11,0.8899999856948853,SELL,987,966,997
2025-10-03 12:33:01,BEL,0.23,0.7699999809265137,SELL,384,381,385
2025-10-03 12:33:01,BHARTIARTL,0.18,0.8199999928474426,SELL,1884,1836,1907
2025-10-03 12:33:01,CIPLA,0.69,0.3100000023841858,BUY,1517,1553,1498
2025-10-03 12:33:01,COALINDIA,0.57,0.4300000071525574,NO TRADE,382,,
2025-10-03 12:33:01,DRREDDY,0.58,0.41999998688697815,NO TRADE,1250,,
2025-10-03 12:33:01,EICHERMOT,0.16,0.8399999737739563,SELL,6954,5876,7492
2025-10-03 12:33:01,ETERNAL,0.78,0.2199999988079071,BUY,300,301,299
2025-10-03 12:33:01,GRASIM,0.63,0.3700000047683716,BUY,2788,2959,2702
2025-10-03 12:33:01,HCLTECH,0.73,0.27000001072883606,BUY,1385,1407,1373
2025-10-03 12:33:01,HDFCBANK,0.29,0.7099999785423279,SELL,962,950,968
2025-10-03 12:33:01,HDFCLIFE,0.55,0.44999998807907104,NO TRADE,758,,
2025-10-03 12:33:01,HEROMOTOCO,0.16,0.8399999737739563,SELL,5565,4497,6098
2025-10-03 12:33:01,HINDALCO,0.56,0.4399999976158142,NO TRADE,786,,
2025-10-03 12:33:01,HINDUNILVR,0.15,0.8500000238418579,SELL,2528,2456,2563
2025-10-03 12:33:01,ICICIBANK,0.12,0.8799999952316284,SELL,1367,1344,1379
2025-10-03 12:33:01,INDUSINDBK,0.68,0.3199999928474426,BUY,745,756,739
2025-10-03 12:33:01,INFY,0.64,0.36000001430511475,BUY,1440,1466,1426
2025-10-03 12:33:01,ITC,0.51,0.49000000953674316,NO TRADE,403,,
2025-10-03 12:33:01,JIOFIN,0.65,0.3499999940395355,BUY,321,323,319
2025-10-03 12:33:01,JSWSTEEL,0.66,0.3400000035762787,BUY,1171,1199,1157
2025-10-03 12:33:01,KOTAKBANK,0.11,0.8899999856948853,SELL,2101,2016,2143
2025-10-03 12:33:01,LT,0.59,0.4099999964237213,NO TRADE,3610,,
2025-10-03 12:33:01,M&M,0.72,0.2800000011920929,BUY,3141,3364,3030
2025-10-03 12:33:01,MARUTI,0.1,0.8999999761581421,SELL,15815,12311,17566
2025-10-03 12:33:01,NESTLEIND,0.7,0.30000001192092896,BUY,1162,1177,1154
2025-10-03 12:33:01,NTPC,0.45,0.550000011920929,NO TRADE,340,,
2025-10-03 12:33:01,ONGC,0.45,0.550000011920929,NO TRADE,241,,
2025-10-03 12:33:01,POWERGRID,0.23,0.7699999809265137,SELL,285,284,286
2025-10-03 12:33:01,RELIANCE,0.23,0.7699999809265137,SELL,1362,1345,1370
2025-10-03 12:33:01,SBILIFE,0.69,0.3100000023841858,BUY,1770,1820,1745
2025-10-03 12:33:01,SHRIRAMFIN,0.79,0.20999999344348907,BUY,609,616,605
2025-10-03 12:33:01,SUNPHARMA,0.26,0.7400000095367432,SELL,1621,1578,1642
2025-10-03 12:33:01,TCS,0.65,0.3499999940395355,BUY,2895,2985,2849
2025-10-03 12:33:01,TATACONSUM,0.76,0.23999999463558197,BUY,1135,1158,1123
2025-10-03 12:33:01,TATAMOTORS,0.15,0.8500000238418579,SELL,716,703,723
2025-10-03 12:33:01,TATASTEEL,0.28,0.7200000286102295,SELL,174,173,174
2025-10-03 12:33:01,TECHM,0.22,0.7799999713897705,SELL,1402,1372,1417
2025-10-03 12:33:01,TITAN,0.36,0.6399999856948853,SELL,3413,3134,3552
2025-10-03 12:33:01,TRENT,0.37,0.6299999952316284,SELL,5308,4433,5745
2025-10-03 12:33:01,ULTRACEMCO,0.62,0.3799999952316284,BUY,12007,13597,11211
2025-10-03 12:33:01,WIPRO,0.32,0.6800000071525574,SELL,239,239,239
2025-10-03 13:33:00,ADANIENT,0.14,0.8600000143051147,SELL,2179,2071,2232
2025-10-03 13:33:00,ADANIPORTS,0.69,0.3100000023841858,BUY,1415,1440,1402
2025-10-03 13:33:00,APOLLOHOSP,0.31,0.6899999976158142,SELL,7450,6716,7816
2025-10-03 13:33:00,ASIANPAINT,0.12,0.8799999952316284,SELL,2351,2282,2386
2025-10-03 13:33:00,AXISBANK,0.69,0.3100000023841858,BUY,1173,1197,1160
2025-10-03 13:33:00,BAJAJ-AUTO,0.17,0.8299999833106995,SELL,8680,7265,9387
2025-10-03 13:33:00,BAJAJFINSV,0.8,0.20000000298023224,BUY,1987,2030,1966
2025-10-03 13:33:00,BAJFINANCE,0.24,0.7599999904632568,SELL,983,967,992
2025-10-03 13:33:00,BEL,0.23,0.7699999809265137,SELL,384,381,385
2025-10-03 13:33:00,BHARTIARTL,0.79,0.20999999344348907,BUY,1888,1939,1862
2025-10-03 13:33:00,CIPLA,0.9,0.10000000149011612,BUY,1517,1545,1502
2025-10-03 13:33:00,COALINDIA,0.68,0.3199999928474426,BUY,382,383,381
2025-10-03 13:33:00,DRREDDY,0.57,0.4300000071525574,NO TRADE,1246,,
2025-10-03 13:33:00,EICHERMOT,0.13,0.8700000047683716,SELL,6981,6103,7419
2025-10-03 13:33:00,ETERNAL,0.78,0.2199999988079071,BUY,300,301,299
2025-10-03 13:33:00,GRASIM,0.47,0.5299999713897705,NO TRADE,2771,,
2025-10-03 13:33:00,HCLTECH,0.74,0.25999999046325684,BUY,1381,1397,1373
2025-10-03 13:33:00,HDFCBANK,0.35,0.6499999761581421,SELL,963,952,969
2025-10-03 13:33:00,HDFCLIFE,0.79,0.20999999344348907,BUY,760,767,756
2025-10-03 13:33:00,HEROMOTOCO,0.49,0.5099999904632568,NO TRADE,5568,,
2025-10-03 13:33:00,HINDALCO,0.56,0.4399999976158142,NO TRADE,782,,
2025-10-03 13:33:00,HINDUNILVR,0.45,0.550000011920929,NO TRADE,2530,,
2025-10-03 13:33:00,ICICIBANK,0.73,0.27000001072883606,BUY,1365,1390,1353
2025-10-03 13:33:00,INDUSINDBK,0.81,0.1899999976158142,BUY,744,753,739
2025-10-03 13:33:00,INFY,0.25,0.75,SELL,1442,1415,1455
2025-10-03 13:33:00,ITC,0.76,0.23999999463558197,BUY,405,407,404
2025-10-03 13:33:00,JIOFIN,0.65,0.3499999940395355,BUY,321,323,319
2025-10-03 13:33:00,JSWSTEEL,0.81,0.1899999976158142,BUY,1160,1186,1148
2025-10-03 13:33:00,KOTAKBANK,0.2,0.800000011920929,SELL,2095,2034,2125
2025-10-03 13:33:00,LT,0.59,0.4099999964237213,NO TRADE,3610,,
2025-10-03 13:33:00,M&M,0.72,0.2800000011920929,BUY,3141,3364,3030
2025-10-03 13:33:00,MARUTI,0.27,0.7300000190734863,SELL,15821,13242,17110
2025-10-03 13:33:00,NESTLEIND,0.57,0.4300000071525574,NO TRADE,1165,,
2025-10-03 13:33:00,NTPC,0.7,0.30000001192092896,BUY,342,344,341
2025-10-03 13:33:00,ONGC,0.14,0.8600000143051147,SELL,242,241,242
2025-10-03 13:33:00,POWERGRID,0.13,0.8700000047683716,SELL,286,284,287
2025-10-03 13:33:00,RELIANCE,0.48,0.5199999809265137,NO TRADE,1362,,
2025-10-03 13:33:00,SBILIFE,0.75,0.25,BUY,1770,1813,1748
2025-10-03 13:33:00,SHRIRAMFIN,0.79,0.20999999344348907,BUY,609,616,605
2025-10-03 13:33:00,SUNPHARMA,0.36,0.6399999856948853,SELL,1621,1581,1640
2025-10-03 13:33:00,TCS,0.73,0.27000001072883606,BUY,2895,2982,2852
2025-10-03 13:33:00,TATACONSUM,0.48,0.5199999809265137,NO TRADE,1133,,
2025-10-03 13:33:00,TATAMOTORS,0.85,0.15000000596046448,BUY,717,730,711
2025-10-03 13:33:00,TATASTEEL,0.25,0.75,SELL,173,172,173
2025-10-03 13:33:00,TECHM,0.27,0.7300000190734863,SELL,1402,1378,1414
2025-10-03 13:33:00,TITAN,0.2,0.800000011920929,SELL,3415,3174,3536
2025-10-03 13:33:00,TRENT,0.37,0.6299999952316284,SELL,5308,4433,5745
2025-10-03 13:33:00,ULTRACEMCO,0.54,0.46000000834465027,NO TRADE,12000,,
2025-10-03 13:33:00,WIPRO,0.74,0.25999999046325684,BUY,240,240,240
2025-10-03 14:33:08,ADANIENT,0.14,0.8600000143051147,SELL,2179,2071,2232
2025-10-03 14:33:08,ADANIPORTS,0.85,0.15000000596046448,BUY,1417,1436,1407
2025-10-03 14:33:08,APOLLOHOSP,0.78,0.2199999988079071,BUY,7440,7988,7165
2025-10-03 14:33:08,ASIANPAINT,0.07,0.9300000071525574,SELL,2352,2299,2379
2025-10-03 14:33:08,AXISBANK,0.18,0.8199999928474426,SELL,1175,1154,1185
2025-10-03 14:33:08,BAJAJ-AUTO,0.09,0.9100000262260437,SELL,8675,7302,9361
2025-10-03 14:33:08,BAJAJFINSV,0.34,0.6600000262260437,SELL,1991,1959,2007
2025-10-03 14:33:08,BAJFINANCE,0.11,0.8899999856948853,SELL,984,971,991
2025-10-03 14:33:08,BEL,0.23,0.7699999809265137,SELL,384,381,385
2025-10-03 14:33:08,BHARTIARTL,0.86,0.14000000059604645,BUY,1887,1931,1865
2025-10-03 14:33:08,CIPLA,0.77,0.23000000417232513,BUY,1516,1541,1504
2025-10-03 14:33:08,COALINDIA,0.87,0.12999999523162842,BUY,382,383,381
2025-10-03 14:33:08,DRREDDY,0.72,0.2800000011920929,BUY,1244,1264,1234
2025-10-03 14:33:08,EICHERMOT,0.25,0.75,SELL,6940,6088,7366
2025-10-03 14:33:08,ETERNAL,0.78,0.2199999988079071,BUY,300,301,299
2025-10-03 14:33:08,GRASIM,0.24,0.7599999904632568,SELL,2776,2658,2835
2025-10-03 14:33:08,HCLTECH,0.8,0.20000000298023224,BUY,1380,1394,1374
2025-10-03 14:33:08,HDFCBANK,0.1,0.8999999761581421,SELL,965,954,970
2025-10-03 14:33:08,HDFCLIFE,0.29,0.7099999785423279,SELL,758,752,761
2025-10-03 14:33:08,HEROMOTOCO,0.67,0.33000001311302185,BUY,5537,6103,5254
2025-10-03 14:33:08,HINDALCO,0.59,0.4099999964237213,NO TRADE,780,,
2025-10-03 14:33:08,HINDUNILVR,0.2,0.800000011920929,SELL,2541,2467,2577
2025-10-03 14:33:08,ICICIBANK,0.34,0.6600000262260437,SELL,1364,1344,1374
2025-10-03 14:33:08,INDUSINDBK,0.23,0.7699999809265137,SELL,746,739,749
2025-10-03 14:33:08,INFY,0.81,0.1899999976158142,BUY,1441,1459,1432
2025-10-03 14:33:08,ITC,0.66,0.3400000035762787,BUY,403,405,402
2025-10-03 14:33:08,JIOFIN,0.65,0.3499999940395355,BUY,321,323,319
2025-10-03 14:33:08,JSWSTEEL,0.37,0.6299999952316284,SELL,1158,1141,1166
2025-10-03 14:33:08,KOTAKBANK,0.75,0.25,BUY,2093,2147,2067
2025-10-03 14:33:08,LT,0.59,0.4099999964237213,NO TRADE,3610,,
2025-10-03 14:33:08,M&M,0.72,0.2800000011920929,BUY,3141,3364,3030
2025-10-03 14:33:08,MARUTI,0.37,0.6299999952316284,SELL,15767,13078,17111
2025-10-03 14:33:08,NESTLEIND,0.19,0.8100000023841858,SELL,1166,1158,1171
2025-10-03 14:33:08,NTPC,0.58,0.41999998688697815,NO TRADE,341,,
2025-10-03 14:33:08,ONGC,0.13,0.8700000047683716,SELL,242,242,243
2025-10-03 14:33:08,POWERGRID,0.35,0.6499999761581421,SELL,288,286,288
2025-10-03 14:33:08,RELIANCE,0.33,0.6700000166893005,SELL,1360,1341,1370
2025-10-03 14:33:08,SBILIFE,0.55,0.44999998807907104,NO TRADE,1776,,
2025-10-03 14:33:08,SHRIRAMFIN,0.79,0.20999999344348907,BUY,609,616,605
2025-10-03 14:33:08,SUNPHARMA,0.31,0.6899999976158142,SELL,1619,1595,1630
2025-10-03 14:33:08,TCS,0.62,0.3799999952316284,BUY,2897,2959,2865
2025-10-03 14:33:08,TATACONSUM,0.68,0.3199999928474426,BUY,1136,1151,1129
2025-10-03 14:33:08,TATAMOTORS,0.23,0.7699999809265137,SELL,716,708,719
2025-10-03 14:33:08,TATASTEEL,0.37,0.6299999952316284,SELL,172,172,173
2025-10-03 14:33:08,TECHM,0.54,0.46000000834465027,NO TRADE,1401,,
2025-10-03 14:33:08,TITAN,0.1,0.8999999761581421,SELL,3435,3249,3527
2025-10-03 14:33:08,TRENT,0.37,0.6299999952316284,SELL,5308,4433,5745
2025-10-03 14:33:08,ULTRACEMCO,0.52,0.47999998927116394,NO TRADE,11983,,
2025-10-03 14:33:08,WIPRO,0.57,0.4300000071525574,NO TRADE,240,,
2025-10-06 09:33:05,ADANIENT,0.14,0.8600000143051147,SELL,2179,2071,2232
2025-10-06 09:33:05,ADANIPORTS,0.17,0.8299999833106995,SELL,1409,1375,1426
2025-10-06 09:33:05,APOLLOHOSP,0.32,0.6800000071525574,SELL,7609,6123,8351
2025-10-06 09:33:05,ASIANPAINT,0.3,0.699999988079071,SELL,2351,2287,2382
2025-10-06 09:33:05,AXISBANK,0.17,0.8299999833106995,SELL,1194,1158,1212
2025-10-06 09:33:05,BAJAJ-AUTO,0.23,0.7699999809265137,SELL,8671,7162,9425
2025-10-06 09:33:05,BAJAJFINSV,0.38,0.6200000047683716,SELL,2023,1957,2055
2025-10-06 09:33:05,BAJFINANCE,0.17,0.8299999833106995,SELL,1012,988,1025
2025-10-06 09:33:05,BEL,0.23,0.7699999809265137,SELL,384,381,385
2025-10-06 09:33:05,BHARTIARTL,0.76,0.23999999463558197,BUY,1890,1948,1861
2025-10-06 09:33:05,CIPLA,0.2,0.800000011920929,SELL,1498,1456,1519
2025-10-06 09:33:05,COALINDIA,0.61,0.38999998569488525,BUY,382,383,381
2025-10-06 09:33:05,DRREDDY,0.54,0.46000000834465027,NO TRADE,1236,,
2025-10-06 09:33:05,EICHERMOT,0.38,0.6200000047683716,SELL,6910,6187,7271
2025-10-06 09:33:05,ETERNAL,0.78,0.2199999988079071,BUY,300,301,299
2025-10-06 09:33:05,GRASIM,0.49,0.5099999904632568,NO TRADE,2794,,
2025-10-06 09:33:05,HCLTECH,0.23,0.7699999809265137,SELL,1398,1362,1415
2025-10-06 09:33:05,HDFCBANK,0.41,0.5899999737739563,NO TRADE,964,,
2025-10-06 09:33:05,HDFCLIFE,0.63,0.3700000047683716,BUY,758,767,753
2025-10-06 09:33:05,HEROMOTOCO,0.37,0.6299999952316284,SELL,5553,4890,5884
2025-10-06 09:33:05,HINDALCO,0.64,0.36000001430511475,BUY,783,793,779
2025-10-06 09:33:05,HINDUNILVR,0.38,0.6200000047683716,SELL,2522,2422,2572
2025-10-06 09:33:05,ICICIBANK,0.2,0.800000011920929,SELL,1370,1350,1380
2025-10-06 09:33:05,INDUSINDBK,0.69,0.3100000023841858,BUY,753,766,746
2025-10-06 09:33:05,INFY,0.24,0.7599999904632568,SELL,1449,1425,1461
2025-10-06 09:33:05,ITC,0.3,0.699999988079071,SELL,402,400,403
2025-10-06 09:33:05,JIOFIN,0.65,0.3499999940395355,BUY,321,323,319
2025-10-06 09:33:05,JSWSTEEL,0.57,0.4300000071525574,NO TRADE,1153,,
2025-10-06 09:33:05,KOTAKBANK,0.32,0.6800000071525574,SELL,2109,2038,2144
2025-10-06 09:33:05,LT,0.59,0.4099999964237213,NO TRADE,3610,,
2025-10-06 09:33:05,M&M,0.72,0.2800000011920929,BUY,3141,3364,3030
2025-10-06 09:33:05,MARUTI,0.28,0.7200000286102295,SELL,15770,12639,17335
2025-10-06 09:33:05,NESTLEIND,0.21,0.7900000214576721,SELL,1169,1152,1178
2025-10-06 09:33:05,NTPC,0.19,0.8100000023841858,SELL,339,337,340
2025-10-06 09:33:05,ONGC,0.31,0.6899999976158142,SELL,246,245,247
2025-10-06 09:33:05,POWERGRID,0.38,0.6200000047683716,SELL,285,283,286
2025-10-06 09:33:05,RELIANCE,0.22,0.7799999713897705,SELL,1364,1343,1375
2025-10-06 09:33:05,SBILIFE,0.58,0.41999998688697815,NO TRADE,1765,,
2025-10-06 09:33:05,SHRIRAMFIN,0.79,0.20999999344348907,BUY,609,616,605
2025-10-06 09:33:05,SUNPHARMA,0.21,0.7900000214576721,SELL,1635,1585,1660
2025-10-06 09:33:05,TCS,0.33,0.6700000166893005,SELL,2922,2824,2971
2025-10-06 09:33:05,TATACONSUM,0.22,0.7799999713897705,SELL,1137,1113,1149
2025-10-06 09:33:05,TATAMOTORS,0.37,0.6299999952316284,SELL,711,702,715
2025-10-06 09:33:05,TATASTEEL,0.36,0.6399999856948853,SELL,171,170,171
2025-10-06 09:33:05,TECHM,0.41,0.5899999737739563,NO TRADE,1399,,
2025-10-06 09:33:05,TITAN,0.08,0.9200000166893005,SELL,3417,3193,3529
2025-10-06 09:33:05,TRENT,0.37,0.6299999952316284,SELL,5308,4433,5745
2025-10-06 09:33:05,ULTRACEMCO,0.48,0.5199999809265137,NO TRADE,12002,,
2025-10-06 09:33:05,WIPRO,0.12,0.8799999952316284,SELL,240,239,240
2025-10-06 10:32:54,ADANIENT,0.14,0.8600000143051147,SELL,2179,2071,2232
2025-10-06 10:32:54,ADANIPORTS,0.22,0.7799999713897705,SELL,1406,1359,1430
2025-10-06 10:32:54,APOLLOHOSP,0.26,0.7400000095367432,SELL,7609,5610,8609
2025-10-06 10:32:54,ASIANPAINT,0.22,0.7799999713897705,SELL,2351,2275,2388
2025-10-06 10:32:54,AXISBANK,0.35,0.6499999761581421,SELL,1200,1149,1225
2025-10-06 10:32:54,BAJAJ-AUTO,0.1,0.8999999761581421,SELL,8702,6959,9573
2025-10-06 10:32:54,BAJAJFINSV,0.22,0.7799999713897705,SELL,2023,1900,2085
2025-10-06 10:32:54,BAJFINANCE,0.29,0.7099999785423279,SELL,1012,973,1032
2025-10-06 10:32:54,BEL,0.23,0.7699999809265137,SELL,384,381,385
2025-10-06 10:32:54,BHARTIARTL,0.28,0.7200000286102295,SELL,1890,1840,1915
2025-10-06 10:32:54,CIPLA,0.25,0.75,SELL,1504,1451,1530
2025-10-06 10:32:54,COALINDIA,0.24,0.7599999904632568,SELL,381,379,382
2025-10-06 10:32:54,DRREDDY,0.25,0.75,SELL,1240,1207,1256
2025-10-06 10:32:54,EICHERMOT,0.39,0.6100000143051147,SELL,6921,6193,7285
2025-10-06 10:32:54,ETERNAL,0.78,0.2199999988079071,BUY,300,301,299
2025-10-06 10:32:54,GRASIM,0.1,0.8999999761581421,SELL,2801,2625,2889
2025-10-06 10:32:54,HCLTECH,0.23,0.7699999809265137,SELL,1412,1360,1437
2025-10-06 10:32:54,HDFCBANK,0.3,0.699999988079071,SELL,971,953,979
2025-10-06 10:32:54,HDFCLIFE,0.19,0.8100000023841858,SELL,758,747,763
2025-10-06 10:32:54,HEROMOTOCO,0.27,0.7300000190734863,SELL,5552,4698,5978
2025-10-06 10:32:54,HINDALCO,0.35,0.6499999761581421,SELL,782,768,789
2025-10-06 10:32:54,HINDUNILVR,0.44,0.5600000023841858,NO TRADE,2529,,
2025-10-06 10:32:54,ICICIBANK,0.27,0.7300000190734863,SELL,1367,1339,1380
2025-10-06 10:32:54,INDUSINDBK,0.18,0.8199999928474426,SELL,751,732,760
2025-10-06 10:32:54,INFY,0.33,0.6700000166893005,SELL,1458,1417,1479
2025-10-06 10:32:54,ITC,0.52,0.47999998927116394,NO TRADE,401,,
2025-10-06 10:32:54,JIOFIN,0.65,0.3499999940395355,BUY,321,323,319
2025-10-06 10:32:54,JSWSTEEL,0.27,0.7300000190734863,SELL,1155,1124,1170
2025-10-06 10:32:54,KOTAKBANK,0.37,0.6299999952316284,SELL,2114,1974,2185
2025-10-06 10:32:54,LT,0.59,0.4099999964237213,NO TRADE,3610,,
2025-10-06 10:32:54,M&M,0.72,0.2800000011920929,BUY,3141,3364,3030
2025-10-06 10:32:54,MARUTI,0.37,0.6299999952316284,SELL,15964,11350,18270
2025-10-06 10:32:54,NESTLEIND,0.38,0.6200000047683716,SELL,1173,1148,1185
2025-10-06 10:32:54,NTPC,0.41,0.5899999737739563,NO TRADE,338,,
2025-10-06 10:32:54,ONGC,0.1,0.8999999761581421,SELL,244,242,245
2025-10-06 10:32:54,POWERGRID,0.22,0.7799999713897705,SELL,285,283,286
2025-10-06 10:32:54,RELIANCE,0.59,0.4099999964237213,NO TRADE,1365,,
2025-10-06 10:32:54,SBILIFE,0.85,0.15000000596046448,BUY,1770,1840,1734
2025-10-06 10:32:54,SHRIRAMFIN,0.79,0.20999999344348907,BUY,609,616,605
2025-10-06 10:32:54,SUNPHARMA,0.2,0.800000011920929,SELL,1636,1582,1663
2025-10-06 10:32:54,TCS,0.64,0.36000001430511475,BUY,2949,3129,2860
2025-10-06 10:32:54,TATACONSUM,0.62,0.3799999952316284,BUY,1138,1169,1122
2025-10-06 10:32:54,TATAMOTORS,0.3,0.699999988079071,SELL,710,694,717
2025-10-06 10:32:54,TATASTEEL,0.58,0.41999998688697815,NO TRADE,171,,
2025-10-06 10:32:54,TECHM,0.79,0.20999999344348907,BUY,1415,1466,1389
2025-10-06 10:32:54,TITAN,0.18,0.8199999928474426,SELL,3413,3141,3549
2025-10-06 10:32:54,TRENT,0.37,0.6299999952316284,SELL,5308,4433,5745
2025-10-06 10:32:54,ULTRACEMCO,0.22,0.7799999713897705,SELL,12003,10304,12852
2025-10-06 10:32:54,WIPRO,0.24,0.7599999904632568,SELL,240,239,241
2025-10-06 11:33:02,ADANIENT,0.14,0.8600000143051147,SELL,2179,2071,2232
2025-10-06 11:33:02,ADANIPORTS,0.56,0.4399999976158142,NO TRADE,1399,,
2025-10-06 11:33:02,APOLLOHOSP,0.59,0.4099999964237213,NO TRADE,7622,,
2025-10-06 11:33:02,ASIANPAINT,0.32,0.6800000071525574,SELL,2350,2293,2379
2025-10-06 11:33:02,AXISBANK,0.24,0.7599999904632568,SELL,1209,1170,1229
2025-10-06 11:33:02,BAJAJ-AUTO,0.67,0.33000001311302185,BUY,8706,9863,8127
2025-10-06 11:33:02,BAJAJFINSV,0.11,0.8899999856948853,SELL,2025,1939,2068
2025-10-06 11:33:02,BAJFINANCE,0.14,0.8600000143051147,SELL,1013,986,1027
2025-10-06 11:33:02,BEL,0.23,0.7699999809265137,SELL,384,381,385
2025-10-06 11:33:02,BHARTIARTL,0.52,0.47999998927116394,NO TRADE,1902,,
2025-10-06 11:33:02,CIPLA,0.75,0.25,BUY,1507,1541,1490
2025-10-06 11:33:02,COALINDIA,0.55,0.44999998807907104,NO TRADE,382,,
2025-10-06 11:33:02,DRREDDY,0.61,0.38999998569488525,BUY,1245,1271,1232
2025-10-06 11:33:02,EICHERMOT,0.82,0.18000000715255737,BUY,6908,7733,6495
2025-10-06 11:33:02,ETERNAL,0.78,0.2199999988079071,BUY,300,301,299
2025-10-06 11:33:02,GRASIM,0.72,0.2800000011920929,BUY,2810,2939,2746
2025-10-06 11:33:02,HCLTECH,0.16,0.8399999737739563,SELL,1414,1372,1434
2025-10-06 11:33:02,HDFCBANK,0.17,0.8299999833106995,SELL,976,961,984
2025-10-06 11:33:02,HDFCLIFE,0.36,0.6399999856948853,SELL,758,748,762
2025-10-06 11:33:02,HEROMOTOCO,0.87,0.12999999523162842,BUY,5565,6255,5219
2025-10-06 11:33:02,HINDALCO,0.64,0.36000001430511475,BUY,776,788,770
2025-10-06 11:33:02,HINDUNILVR,0.17,0.8299999833106995,SELL,2535,2457,2573
2025-10-06 11:33:02,ICICIBANK,0.12,0.8799999952316284,SELL,1364,1341,1376
2025-10-06 11:33:02,INDUSINDBK,0.5,0.5,NO TRADE,745,,
2025-10-06 11:33:02,INFY,0.12,0.8799999952316284,SELL,1465,1421,1488
2025-10-06 11:33:02,ITC,0.3,0.699999988079071,SELL,400,399,401
2025-10-06 11:33:02,JIOFIN,0.65,0.3499999940395355,BUY,321,323,319
2025-10-06 11:33:02,JSWSTEEL,0.47,0.5299999713897705,NO TRADE,1150,,
2025-10-06 11:33:02,KOTAKBANK,0.3,0.699999988079071,SELL,2138,2012,2201
2025-10-06 11:33:02,LT,0.59,0.4099999964237213,NO TRADE,3610,,
2025-10-06 11:33:02,M&M,0.72,0.2800000011920929,BUY,3141,3364,3030
2025-10-06 11:33:02,MARUTI,0.18,0.8199999928474426,SELL,15986,10958,18499
2025-10-06 11:33:02,NESTLEIND,0.55,0.44999998807907104,NO TRADE,1170,,
2025-10-06 11:33:02,NTPC,0.52,0.47999998927116394,NO TRADE,337,,
2025-10-06 11:33:02,ONGC,0.1,0.8999999761581421,SELL,244,244,245
2025-10-06 11:33:02,POWERGRID,0.56,0.4399999976158142,NO TRADE,285,,
2025-10-06 11:33:02,RELIANCE,0.23,0.7699999809265137,SELL,1367,1344,1378
2025-10-06 11:33:02,SBILIFE,0.72,0.2800000011920929,BUY,1770,1810,1749
2025-10-06 11:33:02,SHRIRAMFIN,0.79,0.20999999344348907,BUY,609,616,605
2025-10-06 11:33:02,SUNPHARMA,0.57,0.4300000071525574,NO TRADE,1636,,
2025-10-06 11:33:02,TCS,0.19,0.8100000023841858,SELL,2954,2790,3036
2025-10-06 11:33:02,TATACONSUM,0.76,0.23999999463558197,BUY,1135,1162,1122
2025-10-06 11:33:02,TATAMOTORS,0.58,0.41999998688697815,NO TRADE,708,,
2025-10-06 11:33:02,TATASTEEL,0.42,0.5799999833106995,NO TRADE,169,,
2025-10-06 11:33:02,TECHM,0.64,0.36000001430511475,BUY,1427,1488,1397
2025-10-06 11:33:02,TITAN,0.56,0.4399999976158142,NO TRADE,3405,,
2025-10-06 11:33:02,TRENT,0.37,0.6299999952316284,SELL,5308,4433,5745
2025-10-06 11:33:02,ULTRACEMCO,0.29,0.7099999785423279,SELL,12081,10305,12968
2025-10-06 11:33:02,WIPRO,0.18,0.8199999928474426,SELL,241,240,242
2025-10-06 12:33:10,ADANIENT,0.14,0.8600000143051147,SELL,2179,2071,2232
2025-10-06 12:33:10,ADANIPORTS,0.78,0.2199999988079071,BUY,1396,1419,1385
2025-10-06 12:33:10,APOLLOHOSP,0.39,0.6100000143051147,SELL,7639,6911,8002
2025-10-06 12:33:10,ASIANPAINT,0.86,0.14000000059604645,BUY,2338,2402,2305
2025-10-06 12:33:10,AXISBANK,0.7,0.30000001192092896,BUY,1201,1239,1182
2025-10-06 12:33:10,BAJAJ-AUTO,0.62,0.3799999952316284,BUY,8696,9603,8243
2025-10-06 12:33:10,BAJAJFINSV,0.74,0.25999999046325684,BUY,2024,2093,1990
2025-10-06 12:33:10,BAJFINANCE,0.31,0.6899999976158142,SELL,1015,993,1026
2025-10-06 12:33:10,BEL,0.23,0.7699999809265137,SELL,384,381,385
2025-10-06 12:33:10,BHARTIARTL,0.12,0.8799999952316284,SELL,1899,1855,1920
2025-10-06 12:33:10,CIPLA,0.25,0.75,SELL,1510,1483,1524
2025-10-06 12:33:10,COALINDIA,0.41,0.5899999737739563,NO TRADE,381,,
2025-10-06 12:33:10,DRREDDY,0.34,0.6600000262260437,SELL,1245,1221,1257
2025-10-06 12:33:10,EICHERMOT,0.74,0.25999999046325684,BUY,6869,7607,6500
2025-10-06 12:33:10,ETERNAL,0.78,0.2199999988079071,BUY,300,301,299
2025-10-06 12:33:10,GRASIM,0.4,0.6000000238418579,NO TRADE,2805,,
2025-10-06 12:33:10,HCLTECH,0.58,0.41999998688697815,NO TRADE,1414,,
2025-10-06 12:33:10,HDFCBANK,0.43,0.5699999928474426,NO TRADE,975,,
2025-10-06 12:33:10,HDFCLIFE,0.73,0.27000001072883606,BUY,754,764,749
2025-10-06 12:33:10,HEROMOTOCO,0.32,0.6800000071525574,SELL,5560,5161,5759
2025-10-06 12:33:10,HINDALCO,0.43,0.5699999928474426,NO TRADE,776,,
2025-10-06 12:33:10,HINDUNILVR,0.23,0.7699999809265137,SELL,2533,2451,2574
2025-10-06 12:33:10,ICICIBANK,0.57,0.4300000071525574,NO TRADE,1364,,
2025-10-06 12:33:10,INDUSINDBK,0.39,0.6100000143051147,SELL,740,729,746
2025-10-06 12:33:10,INFY,0.18,0.8199999928474426,SELL,1461,1421,1481
2025-10-06 12:33:10,ITC,0.73,0.27000001072883606,BUY,400,401,399
2025-10-06 12:33:10,JIOFIN,0.65,0.3499999940395355,BUY,321,323,319
2025-10-06 12:33:10,JSWSTEEL,0.23,0.7699999809265137,SELL,1152,1134,1161
2025-10-06 12:33:10,KOTAKBANK,0.76,0.23999999463558197,BUY,2145,2233,2101
2025-10-06 12:33:10,LT,0.59,0.4099999964237213,NO TRADE,3610,,
2025-10-06 12:33:10,M&M,0.72,0.2800000011920929,BUY,3141,3364,3030
2025-10-06 12:33:10,MARUTI,0.13,0.8700000047683716,SELL,16000,12096,17952
2025-10-06 12:33:10,NESTLEIND,0.67,0.33000001311302185,BUY,1172,1193,1161
2025-10-06 12:33:10,NTPC,0.82,0.18000000715255737,BUY,337,338,336
2025-10-06 12:33:10,ONGC,0.38,0.6200000047683716,SELL,244,244,245
2025-10-06 12:33:10,POWERGRID,0.41,0.5899999737739563,NO TRADE,285,,
2025-10-06 12:33:10,RELIANCE,0.2,0.800000011920929,SELL,1365,1341,1377
2025-10-06 12:33:10,SBILIFE,0.48,0.5199999809265137,NO TRADE,1765,,
2025-10-06 12:33:10,SHRIRAMFIN,0.79,0.20999999344348907,BUY,609,616,605
2025-10-06 12:33:10,SUNPHARMA,0.11,0.8899999856948853,SELL,1647,1605,1669
2025-10-06 12:33:10,TCS,0.53,0.4699999988079071,NO TRADE,2960,,
2025-10-06 12:33:10,TATACONSUM,0.32,0.6800000071525574,SELL,1133,1110,1145
2025-10-06 12:33:10,TATAMOTORS,0.38,0.6200000047683716,SELL,707,700,710
2025-10-06 12:33:10,TATASTEEL,0.39,0.6100000143051147,SELL,170,169,170
2025-10-06 12:33:10,TECHM,0.17,0.8299999833106995,SELL,1423,1379,1445
2025-10-06 12:33:10,TITAN,0.2,0.800000011920929,SELL,3427,3265,3507
2025-10-06 12:33:10,TRENT,0.37,0.6299999952316284,SELL,5308,4433,5745
2025-10-06 12:33:10,ULTRACEMCO,0.25,0.75,SELL,12040,10444,12837
2025-10-06 12:33:10,WIPRO,0.1,0.8999999761581421,SELL,241,241,242
2025-10-06 13:33:03,ADANIENT,0.14,0.8600000143051147,SELL,2179,2071,2232
2025-10-06 13:33:03,ADANIPORTS,0.52,0.47999998927116394,NO TRADE,1397,,
2025-10-06 13:33:03,APOLLOHOSP,0.19,0.8100000023841858,SELL,7636,6979,7964
2025-10-06 13:33:03,ASIANPAINT,0.85,0.15000000596046448,BUY,2349,2400,2323
2025-10-06 13:33:03,AXISBANK,0.38,0.6200000047683716,SELL,1210,1175,1228
2025-10-06 13:33:03,BAJAJ-AUTO,0.82,0.18000000715255737,BUY,8725,9645,8264
2025-10-06 13:33:03,BAJAJFINSV,0.13,0.8700000047683716,SELL,2029,1979,2053
2025-10-06 13:33:03,BAJFINANCE,0.14,0.8600000143051147,SELL,1012,995,1020
2025-10-06 13:33:03,BEL,0.23,0.7699999809265137,SELL,384,381,385
2025-10-06 13:33:03,BHARTIARTL,0.6,0.4000000059604645,NO TRADE,1903,,
2025-10-06 13:33:03,CIPLA,0.43,0.5699999928474426,NO TRADE,1514,,
2025-10-06 13:33:03,COALINDIA,0.77,0.23000000417232513,BUY,380,382,379
2025-10-06 13:33:03,DRREDDY,0.83,0.17000000178813934,BUY,1245,1265,1234
2025-10-06 13:33:03,EICHERMOT,0.49,0.5099999904632568,NO TRADE,6879,,
2025-10-06 13:33:03,ETERNAL,0.78,0.2199999988079071,BUY,300,301,299
2025-10-06 13:33:03,GRASIM,0.46,0.5400000214576721,NO TRADE,2804,,
2025-10-06 13:33:03,HCLTECH,0.66,0.3400000035762787,BUY,1419,1446,1405
2025-10-06 13:33:03,HDFCBANK,0.45,0.550000011920929,NO TRADE,975,,
2025-10-06 13:33:03,HDFCLIFE,0.48,0.5199999809265137,NO TRADE,758,,
2025-10-06 13:33:03,HEROMOTOCO,0.12,0.8799999952316284,SELL,5586,5238,5759
2025-10-06 13:33:03,HINDALCO,0.86,0.14000000059604645,BUY,776,784,773
2025-10-06 13:33:03,HINDUNILVR,0.29,0.7099999785423279,SELL,2539,2483,2568
2025-10-06 13:33:03,ICICIBANK,0.59,0.4099999964237213,NO TRADE,1364,,
2025-10-06 13:33:03,INDUSINDBK,0.4,0.6000000238418579,NO TRADE,739,,
2025-10-06 13:33:03,INFY,0.25,0.75,SELL,1463,1427,1481
2025-10-06 13:33:03,ITC,0.38,0.6200000047683716,SELL,400,399,401
2025-10-06 13:33:03,JIOFIN,0.65,0.3499999940395355,BUY,321,323,319
2025-10-06 13:33:03,JSWSTEEL,0.35,0.6499999761581421,SELL,1158,1137,1168
2025-10-06 13:33:03,KOTAKBANK,0.19,0.8100000023841858,SELL,2151,2081,2186
2025-10-06 13:33:03,LT,0.59,0.4099999964237213,NO TRADE,3610,,
2025-10-06 13:33:03,M&M,0.72,0.2800000011920929,BUY,3141,3364,3030
2025-10-06 13:33:03,MARUTI,0.68,0.3199999928474426,BUY,16001,19313,14344
2025-10-06 13:33:03,NESTLEIND,0.31,0.6899999976158142,SELL,1181,1160,1192
2025-10-06 13:33:03,NTPC,0.25,0.75,SELL,338,336,339
2025-10-06 13:33:03,ONGC,0.78,0.2199999988079071,BUY,244,244,243
2025-10-06 13:33:03,POWERGRID,0.75,0.25,BUY,286,287,286
2025-10-06 13:33:03,RELIANCE,0.14,0.8600000143051147,SELL,1373,1352,1383
2025-10-06 13:33:03,SBILIFE,0.79,0.20999999344348907,BUY,1767,1794,1753
2025-10-06 13:33:03,SHRIRAMFIN,0.79,0.20999999344348907,BUY,609,616,605
2025-10-06 13:33:03,SUNPHARMA,0.1,0.8999999761581421,SELL,1650,1608,1671
2025-10-06 13:33:03,TCS,0.36,0.6399999856948853,SELL,2967,2863,3019
2025-10-06 13:33:03,TATACONSUM,0.39,0.6100000143051147,SELL,1140,1117,1151
2025-10-06 13:33:03,TATAMOTORS,0.59,0.4099999964237213,NO TRADE,708,,
2025-10-06 13:33:03,TATASTEEL,0.86,0.14000000059604645,BUY,170,170,169
2025-10-06 13:33:03,TECHM,0.63,0.3700000047683716,BUY,1430,1472,1409
2025-10-06 13:33:03,TITAN,0.16,0.8399999737739563,SELL,3432,3294,3501
2025-10-06 13:33:03,TRENT,0.37,0.6299999952316284,SELL,5308,4433,5745
2025-10-06 13:33:03,ULTRACEMCO,0.75,0.25,BUY,12092,13778,11248
2025-10-06 13:33:03,WIPRO,0.21,0.7900000214576721,SELL,242,241,242
2025-10-06 14:33:13,ADANIENT,0.14,0.8600000143051147,SELL,2179,2071,2232
2025-10-06 14:33:13,ADANIPORTS,0.78,0.2199999988079071,BUY,1400,1423,1389
2025-10-06 14:33:13,APOLLOHOSP,0.64,0.36000001430511475,BUY,7650,8247,7352
2025-10-06 14:33:13,ASIANPAINT,0.14,0.8600000143051147,SELL,2351,2299,2377
2025-10-06 14:33:13,AXISBANK,0.57,0.4300000071525574,NO TRADE,1210,,
2025-10-06 14:33:13,BAJAJ-AUTO,0.23,0.7699999809265137,SELL,8767,7458,9421
2025-10-06 14:33:13,BAJAJFINSV,0.64,0.36000001430511475,BUY,2027,2077,2002
2025-10-06 14:33:13,BAJFINANCE,0.12,0.8799999952316284,SELL,1008,990,1017
2025-10-06 14:33:13,BEL,0.23,0.7699999809265137,SELL,384,381,385
2025-10-06 14:33:13,BHARTIARTL,0.64,0.36000001430511475,BUY,1900,1937,1881
2025-10-06 14:33:13,CIPLA,0.46,0.5400000214576721,NO TRADE,1513,,
2025-10-06 14:33:13,COALINDIA,0.55,0.44999998807907104,NO TRADE,380,,
2025-10-06 14:33:13,DRREDDY,0.48,0.5199999809265137,NO TRADE,1244,,
2025-10-06 14:33:13,EICHERMOT,0.27,0.7300000190734863,SELL,6879,6359,7138
2025-10-06 14:33:13,ETERNAL,0.78,0.2199999988079071,BUY,300,301,299
2025-10-06 14:33:13,GRASIM,0.35,0.6499999761581421,SELL,2804,2696,2858
2025-10-06 14:33:13,HCLTECH,0.77,0.23000000417232513,BUY,1415,1439,1403
2025-10-06 14:33:13,HDFCBANK,0.24,0.7599999904632568,SELL,973,958,980
2025-10-06 14:33:13,HDFCLIFE,0.26,0.7400000095367432,SELL,758,750,761
2025-10-06 14:33:13,HEROMOTOCO,0.5,0.5,NO TRADE,5581,,
2025-10-06 14:33:13,HINDALCO,0.68,0.3199999928474426,BUY,775,783,771
2025-10-06 14:33:13,HINDUNILVR,0.69,0.3100000023841858,BUY,2541,2609,2507
2025-10-06 14:33:13,ICICIBANK,0.34,0.6600000262260437,SELL,1361,1336,1374
2025-10-06 14:33:13,INDUSINDBK,0.63,0.3700000047683716,BUY,740,747,737
2025-10-06 14:33:13,INFY,0.39,0.6100000143051147,SELL,1466,1428,1485
2025-10-06 14:33:13,ITC,0.09,0.9100000262260437,SELL,399,398,400
2025-10-06 14:33:13,JIOFIN,0.65,0.3499999940395355,BUY,321,323,319
2025-10-06 14:33:13,JSWSTEEL,0.43,0.5699999928474426,NO TRADE,1158,,
2025-10-06 14:33:13,KOTAKBANK,0.81,0.1899999976158142,BUY,2148,2212,2115
2025-10-06 14:33:13,LT,0.59,0.4099999964237213,NO TRADE,3610,,
2025-10-06 14:33:13,M&M,0.72,0.2800000011920929,BUY,3141,3364,3030
2025-10-06 14:33:13,MARUTI,0.39,0.6100000143051147,SELL,15997,12461,17764
2025-10-06 14:33:13,NESTLEIND,0.57,0.4300000071525574,NO TRADE,1178,,
2025-10-06 14:33:13,NTPC,0.41,0.5899999737739563,NO TRADE,339,,
2025-10-06 14:33:13,ONGC,0.8,0.20000000298023224,BUY,245,246,245
2025-10-06 14:33:13,POWERGRID,0.21,0.7900000214576721,SELL,286,285,287
2025-10-06 14:33:13,RELIANCE,0.07,0.9300000071525574,SELL,1370,1341,1385
2025-10-06 14:33:13,SBILIFE,0.2,0.800000011920929,SELL,1767,1739,1780
2025-10-06 14:33:13,SHRIRAMFIN,0.79,0.20999999344348907,BUY,609,616,605
2025-10-06 14:33:13,SUNPHARMA,0.49,0.5099999904632568,NO TRADE,1656,,
2025-10-06 14:33:13,TCS,0.7,0.30000001192092896,BUY,2973,3086,2916
2025-10-06 14:33:13,TATACONSUM,0.12,0.8799999952316284,SELL,1140,1122,1149
2025-10-06 14:33:13,TATAMOTORS,0.31,0.6899999976158142,SELL,711,702,715
2025-10-06 14:33:13,TATASTEEL,0.76,0.23999999463558197,BUY,169,170,169
2025-10-06 14:33:13,TECHM,0.1,0.8999999761581421,SELL,1434,1391,1455
2025-10-06 14:33:13,TITAN,0.35,0.6499999761581421,SELL,3430,3260,3514
2025-10-06 14:33:13,TRENT,0.37,0.6299999952316284,SELL,5308,4433,5745
2025-10-06 14:33:13,ULTRACEMCO,0.67,0.33000001311302185,BUY,12053,13553,11302
2025-10-06 14:33:13,WIPRO,0.7,0.30000001192092896,BUY,241,241,240
2025-10-07 09:33:06,ADANIENT,0.14,0.8600000143051147,SELL,2179,2071,2232
2025-10-07 09:33:06,ADANIPORTS,0.57,0.4300000071525574,NO TRADE,1408,,
2025-10-07 09:33:06,APOLLOHOSP,0.32,0.6800000071525574,SELL,7650,7085,7932
2025-10-07 09:33:06,ASIANPAINT,0.76,0.23999999463558197,BUY,2354,2425,2318
2025-10-07 09:33:06,AXISBANK,0.5,0.5,NO TRADE,1202,,
2025-10-07 09:33:06,BAJAJ-AUTO,0.29,0.7099999785423279,SELL,8826,7382,9547
2025-10-07 09:33:06,BAJAJFINSV,0.37,0.6299999952316284,SELL,2047,1977,2083
2025-10-07 09:33:06,BAJFINANCE,0.37,0.6299999952316284,SELL,1025,1001,1037
2025-10-07 09:33:06,BEL,0.23,0.7699999809265137,SELL,384,381,385
2025-10-07 09:33:06,BHARTIARTL,0.43,0.5699999928474426,NO TRADE,1907,,
2025-10-07 09:33:06,CIPLA,0.31,0.6899999976158142,SELL,1518,1482,1537
2025-10-07 09:33:06,COALINDIA,0.27,0.7300000190734863,SELL,388,384,389
2025-10-07 09:33:06,DRREDDY,0.42,0.5799999833106995,NO TRADE,1252,,
2025-10-07 09:33:06,EICHERMOT,0.39,0.6100000143051147,SELL,6917,6228,7261
2025-10-07 09:33:06,ETERNAL,0.78,0.2199999988079071,BUY,300,301,299
2025-10-07 09:33:06,GRASIM,0.42,0.5799999833106995,NO TRADE,2821,,
2025-10-07 09:33:06,HCLTECH,0.36,0.6399999856948853,SELL,1419,1382,1437
2025-10-07 09:33:06,HDFCBANK,0.5,0.5,NO TRADE,972,,
2025-10-07 09:33:06,HDFCLIFE,0.55,0.44999998807907104,NO TRADE,766,,
2025-10-07 09:33:06,HEROMOTOCO,0.23,0.7699999809265137,SELL,5605,5177,5818
2025-10-07 09:33:06,HINDALCO,0.53,0.4699999988079071,NO TRADE,777,,
2025-10-07 09:33:06,HINDUNILVR,0.48,0.5199999809265137,NO TRADE,2545,,
2025-10-07 09:33:06,ICICIBANK,0.23,0.7699999809265137,SELL,1374,1347,1387
2025-10-07 09:33:06,INDUSINDBK,0.38,0.6200000047683716,SELL,748,737,753
2025-10-07 09:33:06,INFY,0.73,0.27000001072883606,BUY,1469,1514,1446
2025-10-07 09:33:06,ITC,0.17,0.8299999833106995,SELL,401,399,401
2025-10-07 09:33:06,JIOFIN,0.65,0.3499999940395355,BUY,321,323,319
2025-10-07 09:33:06,JSWSTEEL,0.59,0.4099999964237213,NO TRADE,1164,,
2025-10-07 09:33:06,KOTAKBANK,0.4,0.6000000238418579,NO TRADE,2137,,
2025-10-07 09:33:06,LT,0.59,0.4099999964237213,NO TRADE,3610,,
2025-10-07 09:33:06,M&M,0.72,0.2800000011920929,BUY,3141,3364,3030
2025-10-07 09:33:06,MARUTI,0.3,0.699999988079071,SELL,16020,12791,17634
2025-10-07 09:33:06,NESTLEIND,0.27,0.7300000190734863,SELL,1177,1158,1187
2025-10-07 09:33:06,NTPC,0.45,0.550000011920929,NO TRADE,341,,
2025-10-07 09:33:06,ONGC,0.4,0.6000000238418579,NO TRADE,247,,
2025-10-07 09:33:06,POWERGRID,0.36,0.6399999856948853,SELL,290,288,291
2025-10-07 09:33:06,RELIANCE,0.31,0.6899999976158142,SELL,1382,1352,1396
2025-10-07 09:33:06,SBILIFE,0.43,0.5699999928474426,NO TRADE,1784,,
2025-10-07 09:33:06,SHRIRAMFIN,0.79,0.20999999344348907,BUY,609,616,605
2025-10-07 09:33:06,SUNPHARMA,0.75,0.25,BUY,1650,1687,1632
2025-10-07 09:33:06,TCS,0.2,0.800000011920929,SELL,2970,2797,3056
2025-10-07 09:33:06,TATACONSUM,0.1,0.8999999761581421,SELL,1138,1117,1149
2025-10-07 09:33:06,TATAMOTORS,0.23,0.7699999809265137,SELL,707,699,711
2025-10-07 09:33:06,TATASTEEL,0.24,0.7599999904632568,SELL,171,170,171
2025-10-07 09:33:06,TECHM,0.21,0.7900000214576721,SELL,1434,1398,1452
2025-10-07 09:33:06,TITAN,0.23,0.7699999809265137,SELL,3421,3199,3532
2025-10-07 09:33:06,TRENT,0.37,0.6299999952316284,SELL,5308,4433,5745
2025-10-07 09:33:06,ULTRACEMCO,0.15,0.8500000238418579,SELL,12150,10084,13182
2025-10-07 09:33:06,WIPRO,0.35,0.6499999761581421,SELL,243,242,243
2025-10-07 10:33:05,ADANIENT,0.14,0.8600000143051147,SELL,2179,2071,2232
2025-10-07 10:33:05,ADANIPORTS,0.48,0.5199999809265137,NO TRADE,1412,,
2025-10-07 10:33:05,APOLLOHOSP,0.12,0.8799999952316284,SELL,7672,6836,8090
2025-10-07 10:33:05,ASIANPAINT,0.27,0.7300000190734863,SELL,2358,2282,2396
2025-10-07 10:33:05,AXISBANK,0.6,0.4000000059604645,NO TRADE,1192,,
2025-10-07 10:33:05,BAJAJ-AUTO,0.27,0.7300000190734863,SELL,8816,7306,9571
2025-10-07 10:33:05,BAJAJFINSV,0.21,0.7900000214576721,SELL,2046,1950,2093
2025-10-07 10:33:05,BAJFINANCE,0.1,0.8999999761581421,SELL,1022,991,1038
2025-10-07 10:33:05,BEL,0.23,0.7699999809265137,SELL,384,381,385
2025-10-07 10:33:05,BHARTIARTL,0.14,0.8600000143051147,SELL,1927,1843,1970
2025-10-07 10:33:05,CIPLA,0.45,0.550000011920929,NO TRADE,1516,,
2025-10-07 10:33:05,COALINDIA,0.29,0.7099999785423279,SELL,385,381,387
2025-10-07 10:33:05,DRREDDY,0.26,0.7400000095367432,SELL,1253,1228,1265
2025-10-07 10:33:05,EICHERMOT,0.4,0.6000000238418579,NO TRADE,6954,,
2025-10-07 10:33:05,ETERNAL,0.78,0.2199999988079071,BUY,300,301,299
2025-10-07 10:33:05,GRASIM,0.54,0.46000000834465027,NO TRADE,2817,,
2025-10-07 10:33:05,HCLTECH,0.6,0.4000000059604645,NO TRADE,1425,,
2025-10-07 10:33:05,HDFCBANK,0.27,0.7300000190734863,SELL,982,963,991
2025-10-07 10:33:05,HDFCLIFE,0.1,0.8999999761581421,SELL,759,746,766
2025-10-07 10:33:05,HEROMOTOCO,0.1,0.8999999761581421,SELL,5627,4922,5979
2025-10-07 10:33:05,HINDALCO,0.42,0.5799999833106995,NO TRADE,779,,
2025-10-07 10:33:05,HINDUNILVR,0.19,0.8100000023841858,SELL,2543,2428,2601
2025-10-07 10:33:05,ICICIBANK,0.38,0.6200000047683716,SELL,1381,1349,1397
2025-10-07 10:33:05,INDUSINDBK,0.42,0.5799999833106995,NO TRADE,744,,
2025-10-07 10:33:05,INFY,0.19,0.8100000023841858,SELL,1464,1415,1488
2025-10-07 10:33:05,ITC,0.26,0.7400000095367432,SELL,401,400,402
2025-10-07 10:33:05,JIOFIN,0.65,0.3499999940395355,BUY,321,323,319
2025-10-07 10:33:05,JSWSTEEL,0.13,0.8700000047683716,SELL,1169,1147,1180
2025-10-07 10:33:05,KOTAKBANK,0.44,0.5600000023841858,NO TRADE,2144,,
2025-10-07 10:33:05,LT,0.59,0.4099999964237213,NO TRADE,3610,,
2025-10-07 10:33:05,M&M,0.72,0.2800000011920929,BUY,3141,3364,3030
2025-10-07 10:33:05,MARUTI,0.24,0.7599999904632568,SELL,16129,12435,17975
2025-10-07 10:33:05,NESTLEIND,0.35,0.6499999761581421,SELL,1185,1161,1196
2025-10-07 10:33:05,NTPC,0.57,0.4300000071525574,NO TRADE,338,,
2025-10-07 10:33:05,ONGC,0.29,0.7099999785423279,SELL,246,244,247
2025-10-07 10:33:05,POWERGRID,0.13,0.8700000047683716,SELL,288,286,289
2025-10-07 10:33:05,RELIANCE,0.17,0.8299999833106995,SELL,1386,1360,1399
2025-10-07 10:33:05,SBILIFE,0.14,0.8600000143051147,SELL,1775,1708,1808
2025-10-07 10:33:05,SHRIRAMFIN,0.79,0.20999999344348907,BUY,609,616,605
2025-10-07 10:33:05,SUNPHARMA,0.68,0.3199999928474426,BUY,1652,1690,1633
2025-10-07 10:33:05,TCS,0.53,0.4699999988079071,NO TRADE,2965,,
2025-10-07 10:33:05,TATACONSUM,0.5,0.5,NO TRADE,1135,,
2025-10-07 10:33:05,TATAMOTORS,0.61,0.38999998569488525,BUY,709,720,704
2025-10-07 10:33:05,TATASTEEL,0.13,0.8700000047683716,SELL,171,170,171
2025-10-07 10:33:05,TECHM,0.44,0.5600000023841858,NO TRADE,1433,,
2025-10-07 10:33:05,TITAN,0.78,0.2199999988079071,BUY,3427,3594,3344
2025-10-07 10:33:05,TRENT,0.37,0.6299999952316284,SELL,5308,4433,5745
2025-10-07 10:33:05,ULTRACEMCO,0.17,0.8299999833106995,SELL,12156,9840,13313
2025-10-07 10:33:05,WIPRO,0.3,0.699999988079071,SELL,243,242,243
2025-10-07 11:32:55,ADANIENT,0.14,0.8600000143051147,SELL,2179,2071,2232
2025-10-07 11:32:55,ADANIPORTS,0.12,0.8799999952316284,SELL,1404,1372,1419
2025-10-07 11:32:55,APOLLOHOSP,0.23,0.7699999809265137,SELL,7664,6820,8085
2025-10-07 11:32:55,ASIANPAINT,0.36,0.6399999856948853,SELL,2353,2273,2392
2025-10-07 11:32:55,AXISBANK,0.5,0.5,NO TRADE,1190,,
2025-10-07 11:32:55,BAJAJ-AUTO,0.24,0.7599999904632568,SELL,8820,7386,9536
2025-10-07 11:32:55,BAJAJFINSV,0.2,0.800000011920929,SELL,2042,1976,2074
2025-10-07 11:32:55,BAJFINANCE,0.35,0.6499999761581421,SELL,1021,1000,1032
2025-10-07 11:32:55,BEL,0.23,0.7699999809265137,SELL,384,381,385
2025-10-07 11:32:55,BHARTIARTL,0.08,0.9200000166893005,SELL,1923,1846,1961
2025-10-07 11:32:55,CIPLA,0.39,0.6100000143051147,SELL,1515,1482,1532
2025-10-07 11:32:55,COALINDIA,0.27,0.7300000190734863,SELL,386,383,387
2025-10-07 11:32:55,DRREDDY,0.57,0.4300000071525574,NO TRADE,1253,,
2025-10-07 11:32:55,EICHERMOT,0.26,0.7400000095367432,SELL,6950,6185,7332
2025-10-07 11:32:55,ETERNAL,0.78,0.2199999988079071,BUY,300,301,299
2025-10-07 11:32:55,GRASIM,0.66,0.3400000035762787,BUY,2798,2913,2740
2025-10-07 11:32:55,HCLTECH,0.64,0.36000001430511475,BUY,1430,1463,1413
2025-10-07 11:32:55,HDFCBANK,0.16,0.8399999737739563,SELL,981,969,988
2025-10-07 11:32:55,HDFCLIFE,0.32,0.6800000071525574,SELL,760,750,764
2025-10-07 11:32:55,HEROMOTOCO,0.16,0.8399999737739563,SELL,5633,4978,5960
2025-10-07 11:32:55,HINDALCO,0.7,0.30000001192092896,BUY,769,786,761
2025-10-07 11:32:55,HINDUNILVR,0.58,0.41999998688697815,NO TRADE,2518,,
2025-10-07 11:32:55,ICICIBANK,0.09,0.9100000262260437,SELL,1374,1346,1388
2025-10-07 11:32:55,INDUSINDBK,0.14,0.8600000143051147,SELL,745,730,753
2025-10-07 11:32:55,INFY,0.12,0.8799999952316284,SELL,1463,1426,1481
2025-10-07 11:32:55,ITC,0.28,0.7200000286102295,SELL,400,398,401
2025-10-07 11:32:55,JIOFIN,0.65,0.3499999940395355,BUY,321,323,319
2025-10-07 11:32:55,JSWSTEEL,0.26,0.7400000095367432,SELL,1167,1143,1178
2025-10-07 11:32:55,KOTAKBANK,0.46,0.5400000214576721,NO TRADE,2143,,
2025-10-07 11:32:55,LT,0.59,0.4099999964237213,NO TRADE,3610,,
2025-10-07 11:32:55,M&M,0.72,0.2800000011920929,BUY,3141,3364,3030
2025-10-07 11:32:55,MARUTI,0.27,0.7300000190734863,SELL,16108,12523,17900
2025-10-07 11:32:55,NESTLEIND,0.8,0.20000000298023224,BUY,1175,1198,1163
2025-10-07 11:32:55,NTPC,0.68,0.3199999928474426,BUY,337,338,336
2025-10-07 11:32:55,ONGC,0.2,0.800000011920929,SELL,246,245,246
2025-10-07 11:32:55,POWERGRID,0.37,0.6299999952316284,SELL,289,288,290
2025-10-07 11:32:55,RELIANCE,0.21,0.7900000214576721,SELL,1382,1354,1396
2025-10-07 11:32:55,SBILIFE,0.33,0.6700000166893005,SELL,1778,1716,1809
2025-10-07 11:32:55,SHRIRAMFIN,0.79,0.20999999344348907,BUY,609,616,605
2025-10-07 11:32:55,SUNPHARMA,0.75,0.25,BUY,1653,1691,1633
2025-10-07 11:32:55,TCS,0.25,0.75,SELL,2966,2825,3036
2025-10-07 11:32:55,TATACONSUM,0.3,0.699999988079071,SELL,1126,1104,1137
2025-10-07 11:32:55,TATAMOTORS,0.76,0.23999999463558197,BUY,705,715,700
2025-10-07 11:32:55,TATASTEEL,0.24,0.7599999904632568,SELL,170,170,171
2025-10-07 11:32:55,TECHM,0.21,0.7900000214576721,SELL,1435,1399,1452
2025-10-07 11:32:55,TITAN,0.36,0.6399999856948853,SELL,3440,3307,3506
2025-10-07 11:32:55,TRENT,0.37,0.6299999952316284,SELL,5308,4433,5745
2025-10-07 11:32:55,ULTRACEMCO,0.52,0.47999998927116394,NO TRADE,12118,,
2025-10-07 11:32:55,WIPRO,0.22,0.7799999713897705,SELL,242,241,242
2025-10-07 12:33:14,ADANIENT,0.14,0.8600000143051147,SELL,2179,2071,2232
2025-10-07 12:33:14,ADANIPORTS,0.21,0.7900000214576721,SELL,1404,1369,1422
2025-10-07 12:33:14,APOLLOHOSP,0.73,0.27000001072883606,BUY,7680,8394,7322
2025-10-07 12:33:14,ASIANPAINT,0.47,0.5299999713897705,NO TRADE,2356,,
2025-10-07 12:33:14,AXISBANK,0.86,0.14000000059604645,BUY,1193,1219,1180
2025-10-07 12:33:14,BAJAJ-AUTO,0.24,0.7599999904632568,SELL,8854,7638,9461
2025-10-07 12:33:14,BAJAJFINSV,0.21,0.7900000214576721,SELL,2043,1989,2069
2025-10-07 12:33:14,BAJFINANCE,0.79,0.20999999344348907,BUY,1020,1036,1011
2025-10-07 12:33:14,BEL,0.23,0.7699999809265137,SELL,384,381,385
2025-10-07 12:33:14,BHARTIARTL,0.86,0.14000000059604645,BUY,1932,1984,1906
2025-10-07 12:33:14,CIPLA,0.78,0.2199999988079071,BUY,1509,1540,1494
2025-10-07 12:33:14,COALINDIA,0.13,0.8700000047683716,SELL,385,383,386
2025-10-07 12:33:14,DRREDDY,0.56,0.4399999976158142,NO TRADE,1252,,
2025-10-07 12:33:14,EICHERMOT,0.21,0.7900000214576721,SELL,6982,6329,7308
2025-10-07 12:33:14,ETERNAL,0.78,0.2199999988079071,BUY,300,301,299
2025-10-07 12:33:14,GRASIM,0.26,0.7400000095367432,SELL,2801,2687,2857
2025-10-07 12:33:14,HCLTECH,0.75,0.25,BUY,1433,1461,1418
2025-10-07 12:33:14,HDFCBANK,0.74,0.25999999046325684,BUY,986,1000,979
2025-10-07 12:33:14,HDFCLIFE,0.29,0.7099999785423279,SELL,755,747,759
2025-10-07 12:33:14,HEROMOTOCO,0.61,0.38999998569488525,BUY,5618,6198,5328
2025-10-07 12:33:14,HINDALCO,0.78,0.2199999988079071,BUY,768,780,762
2025-10-07 12:33:14,HINDUNILVR,0.62,0.3799999952316284,BUY,2518,2629,2463
2025-10-07 12:33:14,ICICIBANK,0.7,0.30000001192092896,BUY,1378,1405,1365
2025-10-07 12:33:14,INDUSINDBK,0.24,0.7599999904632568,SELL,749,735,757
2025-10-07 12:33:14,INFY,0.5,0.5,NO TRADE,1458,,
2025-10-07 12:33:14,ITC,0.4,0.6000000238418579,NO TRADE,400,,
2025-10-07 12:33:14,JIOFIN,0.65,0.3499999940395355,BUY,321,323,319
2025-10-07 12:33:14,JSWSTEEL,0.19,0.8100000023841858,SELL,1165,1142,1176
2025-10-07 12:33:14,KOTAKBANK,0.29,0.7099999785423279,SELL,2140,2066,2177
2025-10-07 12:33:14,LT,0.59,0.4099999964237213,NO TRADE,3610,,
2025-10-07 12:33:14,M&M,0.72,0.2800000011920929,BUY,3141,3364,3030
2025-10-07 12:33:14,MARUTI,0.12,0.8799999952316284,SELL,16125,13407,17483
2025-10-07 12:33:14,NESTLEIND,0.41,0.5899999737739563,NO TRADE,1185,,
2025-10-07 12:33:14,NTPC,0.41,0.5899999737739563,NO TRADE,337,,
2025-10-07 12:33:14,ONGC,0.53,0.4699999988079071,NO TRADE,246,,
2025-10-07 12:33:14,POWERGRID,0.43,0.5699999928474426,NO TRADE,289,,
2025-10-07 12:33:14,RELIANCE,0.83,0.17000000178813934,BUY,1388,1411,1376
2025-10-07 12:33:14,SBILIFE,0.7,0.30000001192092896,BUY,1775,1822,1751
2025-10-07 12:33:14,SHRIRAMFIN,0.79,0.20999999344348907,BUY,609,616,605
2025-10-07 12:33:14,SUNPHARMA,0.31,0.6899999976158142,SELL,1655,1610,1677
2025-10-07 12:33:14,TCS,0.62,0.3799999952316284,BUY,2959,3062,2907
2025-10-07 12:33:14,TATACONSUM,0.58,0.41999998688697815,NO TRADE,1129,,
2025-10-07 12:33:14,TATAMOTORS,0.76,0.23999999463558197,BUY,700,709,695
2025-10-07 12:33:14,TATASTEEL,0.68,0.3199999928474426,BUY,170,171,170
2025-10-07 12:33:14,TECHM,0.31,0.6899999976158142,SELL,1429,1399,1443
2025-10-07 12:33:14,TITAN,0.15,0.8500000238418579,SELL,3436,3309,3499
2025-10-07 12:33:14,TRENT,0.37,0.6299999952316284,SELL,5308,4433,5745
2025-10-07 12:33:14,ULTRACEMCO,0.67,0.33000001311302185,BUY,12120,14150,11104
2025-10-07 12:33:14,WIPRO,0.38,0.6200000047683716,SELL,242,242,243
2025-10-07 13:33:05,ADANIENT,0.14,0.8600000143051147,SELL,2179,2071,2232
2025-10-07 13:33:05,ADANIPORTS,0.6,0.4000000059604645,NO TRADE,1402,,
2025-10-07 13:33:05,APOLLOHOSP,0.84,0.1599999964237213,BUY,7682,8298,7373
2025-10-07 13:33:05,ASIANPAINT,0.41,0.5899999737739563,NO TRADE,2367,,
2025-10-07 13:33:05,AXISBANK,0.82,0.18000000715255737,BUY,1193,1215,1182
2025-10-07 13:33:05,BAJAJ-AUTO,0.33,0.6700000166893005,SELL,8872,7867,9374
2025-10-07 13:33:05,BAJAJFINSV,0.67,0.33000001311302185,BUY,2049,2094,2026
2025-10-07 13:33:05,BAJFINANCE,0.73,0.27000001072883606,BUY,1019,1030,1013
2025-10-07 13:33:05,BEL,0.23,0.7699999809265137,SELL,384,381,385
2025-10-07 13:33:05,BHARTIARTL,0.26,0.7400000095367432,SELL,1942,1885,1971
2025-10-07 13:33:05,CIPLA,0.89,0.10999999940395355,BUY,1514,1553,1494
2025-10-07 13:33:05,COALINDIA,0.59,0.4099999964237213,NO TRADE,385,,
2025-10-07 13:33:05,DRREDDY,0.83,0.17000000178813934,BUY,1245,1266,1235
2025-10-07 13:33:05,EICHERMOT,0.66,0.3400000035762787,BUY,6988,7540,6711
2025-10-07 13:33:05,ETERNAL,0.78,0.2199999988079071,BUY,300,301,299
2025-10-07 13:33:05,GRASIM,0.32,0.6800000071525574,SELL,2812,2732,2852
2025-10-07 13:33:05,HCLTECH,0.11,0.8899999856948853,SELL,1435,1407,1449
2025-10-07 13:33:05,HDFCBANK,0.15,0.8500000238418579,SELL,989,975,995
2025-10-07 13:33:05,HDFCLIFE,0.71,0.28999999165534973,BUY,755,762,752
2025-10-07 13:33:05,HEROMOTOCO,0.63,0.3700000047683716,BUY,5617,6107,5371
2025-10-07 13:33:05,HINDALCO,0.76,0.23999999463558197,BUY,768,775,764
2025-10-07 13:33:05,HINDUNILVR,0.82,0.18000000715255737,BUY,2525,2619,2478
2025-10-07 13:33:05,ICICIBANK,0.81,0.1899999976158142,BUY,1380,1406,1367
2025-10-07 13:33:05,INDUSINDBK,0.4,0.6000000238418579,NO TRADE,750,,
2025-10-07 13:33:05,INFY,0.74,0.25999999046325684,BUY,1465,1496,1449
2025-10-07 13:33:05,ITC,0.39,0.6100000143051147,SELL,401,399,401
2025-10-07 13:33:05,JIOFIN,0.65,0.3499999940395355,BUY,321,323,319
2025-10-07 13:33:05,JSWSTEEL,0.35,0.6499999761581421,SELL,1164,1145,1173
2025-10-07 13:33:05,KOTAKBANK,0.82,0.18000000715255737,BUY,2136,2199,2104
2025-10-07 13:33:05,LT,0.59,0.4099999964237213,NO TRADE,3610,,
2025-10-07 13:33:05,M&M,0.72,0.2800000011920929,BUY,3141,3364,3030
2025-10-07 13:33:05,MARUTI,0.47,0.5299999713897705,NO TRADE,16120,,
2025-10-07 13:33:05,NESTLEIND,0.44,0.5600000023841858,NO TRADE,1188,,
2025-10-07 13:33:05,NTPC,0.13,0.8700000047683716,SELL,337,336,338
2025-10-07 13:33:05,ONGC,0.57,0.4300000071525574,NO TRADE,246,,
2025-10-07 13:33:05,POWERGRID,0.89,0.10999999940395355,BUY,290,291,289
2025-10-07 13:33:05,RELIANCE,0.87,0.12999999523162842,BUY,1391,1417,1377
2025-10-07 13:33:05,SBILIFE,0.3,0.699999988079071,SELL,1785,1745,1804
2025-10-07 13:33:05,SHRIRAMFIN,0.79,0.20999999344348907,BUY,609,616,605
2025-10-07 13:33:05,SUNPHARMA,0.41,0.5899999737739563,NO TRADE,1652,,
2025-10-07 13:33:05,TCS,0.56,0.4399999976158142,NO TRADE,2973,,
2025-10-07 13:33:05,TATACONSUM,0.53,0.4699999988079071,NO TRADE,1127,,
2025-10-07 13:33:05,TATAMOTORS,0.49,0.5099999904632568,NO TRADE,700,,
2025-10-07 13:33:05,TATASTEEL,0.28,0.7200000286102295,SELL,171,170,171
2025-10-07 13:33:05,TECHM,0.68,0.3199999928474426,BUY,1431,1458,1417
2025-10-07 13:33:05,TITAN,0.27,0.7300000190734863,SELL,3439,3348,3485
2025-10-07 13:33:05,TRENT,0.37,0.6299999952316284,SELL,5308,4433,5745
2025-10-07 13:33:05,ULTRACEMCO,0.75,0.25,BUY,12156,14076,11195
2025-10-07 13:33:05,WIPRO,0.47,0.5299999713897705,NO TRADE,243,,
2025-10-07 14:33:12,ADANIENT,0.14,0.8600000143051147,SELL,2179,2071,2232
2025-10-07 14:33:12,ADANIPORTS,0.86,0.14000000059604645,BUY,1403,1430,1389
2025-10-07 14:33:12,APOLLOHOSP,0.75,0.25,BUY,7677,8303,7364
2025-10-07 14:33:12,ASIANPAINT,0.39,0.6100000143051147,SELL,2361,2302,2391
2025-10-07 14:33:12,AXISBANK,0.44,0.5600000023841858,NO TRADE,1189,,
2025-10-07 14:33:12,BAJAJ-AUTO,0.5,0.5,NO TRADE,8880,,
2025-10-07 14:33:12,BAJAJFINSV,0.47,0.5299999713897705,NO TRADE,2041,,
2025-10-07 14:33:12,BAJFINANCE,0.51,0.49000000953674316,NO TRADE,1017,,
2025-10-07 14:33:12,BEL,0.23,0.7699999809265137,SELL,384,381,385
2025-10-07 14:33:12,BHARTIARTL,0.17,0.8299999833106995,SELL,1936,1873,1967
2025-10-07 14:33:12,CIPLA,0.47,0.5299999713897705,NO TRADE,1515,,
2025-10-07 14:33:12,COALINDIA,0.86,0.14000000059604645,BUY,384,386,383
2025-10-07 14:33:12,DRREDDY,0.54,0.46000000834465027,NO TRADE,1247,,
2025-10-07 14:33:12,EICHERMOT,0.77,0.23000000417232513,BUY,6972,7535,6690
2025-10-07 14:33:12,ETERNAL,0.78,0.2199999988079071,BUY,300,301,299
2025-10-07 14:33:12,GRASIM,0.11,0.8899999856948853,SELL,2811,2733,2850
2025-10-07 14:33:12,HCLTECH,0.28,0.7200000286102295,SELL,1436,1410,1449
2025-10-07 14:33:12,HDFCBANK,0.59,0.4099999964237213,NO TRADE,987,,
2025-10-07 14:33:12,HDFCLIFE,0.54,0.46000000834465027,NO TRADE,753,,
2025-10-07 14:33:12,HEROMOTOCO,0.82,0.18000000715255737,BUY,5622,5929,5468
2025-10-07 14:33:12,HINDALCO,0.77,0.23000000417232513,BUY,767,775,762
2025-10-07 14:33:12,HINDUNILVR,0.41,0.5899999737739563,NO TRADE,2513,,
2025-10-07 14:33:12,ICICIBANK,0.38,0.6200000047683716,SELL,1379,1355,1391
2025-10-07 14:33:12,INDUSINDBK,0.49,0.5099999904632568,NO TRADE,750,,
2025-10-07 14:33:12,INFY,0.78,0.2199999988079071,BUY,1462,1494,1446
2025-10-07 14:33:12,ITC,0.15,0.8500000238418579,SELL,399,398,400
2025-10-07 14:33:12,JIOFIN,0.65,0.3499999940395355,BUY,321,323,319
2025-10-07 14:33:12,JSWSTEEL,0.5,0.5,NO TRADE,1159,,
2025-10-07 14:33:12,KOTAKBANK,0.77,0.23000000417232513,BUY,2123,2185,2092
2025-10-07 14:33:12,LT,0.59,0.4099999964237213,NO TRADE,3610,,
2025-10-07 14:33:12,M&M,0.72,0.2800000011920929,BUY,3141,3364,3030
2025-10-07 14:33:12,MARUTI,0.71,0.28999999165534973,BUY,16114,18071,15135
2025-10-07 14:33:12,NESTLEIND,0.22,0.7799999713897705,SELL,1182,1160,1193
2025-10-07 14:33:12,NTPC,0.37,0.6299999952316284,SELL,337,336,338
2025-10-07 14:33:12,ONGC,0.48,0.5199999809265137,NO TRADE,245,,
2025-10-07 14:33:12,POWERGRID,0.54,0.46000000834465027,NO TRADE,290,,
2025-10-07 14:33:12,RELIANCE,0.22,0.7799999713897705,SELL,1390,1358,1406
2025-10-07 14:33:12,SBILIFE,0.48,0.5199999809265137,NO TRADE,1789,,
2025-10-07 14:33:12,SHRIRAMFIN,0.79,0.20999999344348907,BUY,609,616,605
2025-10-07 14:33:12,SUNPHARMA,0.14,0.8600000143051147,SELL,1653,1622,1669
2025-10-07 14:33:12,TCS,0.5,0.5,NO TRADE,2976,,
2025-10-07 14:33:12,TATACONSUM,0.78,0.2199999988079071,BUY,1122,1144,1110
2025-10-07 14:33:12,TATAMOTORS,0.36,0.6399999856948853,SELL,699,693,702
2025-10-07 14:33:12,TATASTEEL,0.69,0.3100000023841858,BUY,171,171,171
2025-10-07 14:33:12,TECHM,0.76,0.23999999463558197,BUY,1437,1469,1420
2025-10-07 14:33:12,TITAN,0.71,0.28999999165534973,BUY,3434,3511,3395
2025-10-07 14:33:12,TRENT,0.37,0.6299999952316284,SELL,5308,4433,5745
2025-10-07 14:33:12,ULTRACEMCO,0.14,0.8600000143051147,SELL,12163,10520,12984
2025-10-07 14:33:12,WIPRO,0.43,0.5699999928474426,NO TRADE,242,,
2025-10-08 09:33:11,ADANIENT,0.14,0.8600000143051147,SELL,2179,2071,2232
2025-10-08 09:33:11,ADANIPORTS,0.24,0.7599999904632568,SELL,1399,1367,1415
2025-10-08 09:33:11,APOLLOHOSP,0.24,0.7599999904632568,SELL,7738,6927,8143
2025-10-08 09:33:11,ASIANPAINT,0.38,0.6200000047683716,SELL,2358,2271,2401
2025-10-08 09:33:11,AXISBANK,0.47,0.5299999713897705,NO TRADE,1188,,
2025-10-08 09:33:11,BAJAJ-AUTO,0.36,0.6399999856948853,SELL,8839,7624,9447
2025-10-08 09:33:11,BAJAJFINSV,0.49,0.5099999904632568,NO TRADE,2028,,
2025-10-08 09:33:11,BAJFINANCE,0.35,0.6499999761581421,SELL,1020,1000,1030
2025-10-08 09:33:11,BEL,0.23,0.7699999809265137,SELL,384,381,385
2025-10-08 09:33:11,BHARTIARTL,0.6,0.4000000059604645,NO TRADE,1932,,
2025-10-08 09:33:11,CIPLA,0.71,0.28999999165534973,BUY,1505,1551,1482
2025-10-08 09:33:11,COALINDIA,0.32,0.6800000071525574,SELL,385,383,386
2025-10-08 09:33:11,DRREDDY,0.77,0.23000000417232513,BUY,1242,1268,1229
2025-10-08 09:33:11,EICHERMOT,0.36,0.6399999856948853,SELL,6971,6305,7303
2025-10-08 09:33:11,ETERNAL,0.78,0.2199999988079071,BUY,300,301,299
2025-10-08 09:33:11,GRASIM,0.23,0.7699999809265137,SELL,2802,2668,2869
2025-10-08 09:33:11,HCLTECH,0.47,0.5299999713897705,NO TRADE,1443,,
2025-10-08 09:33:11,HDFCBANK,0.7,0.30000001192092896,BUY,982,1003,972
2025-10-08 09:33:11,HDFCLIFE,0.64,0.36000001430511475,BUY,753,761,748
2025-10-08 09:33:11,HEROMOTOCO,0.37,0.6299999952316284,SELL,5627,5131,5874
2025-10-08 09:33:11,HINDALCO,0.24,0.7599999904632568,SELL,775,763,781
2025-10-08 09:33:11,HINDUNILVR,0.65,0.3499999940395355,BUY,2506,2647,2436
2025-10-08 09:33:11,ICICIBANK,0.69,0.3100000023841858,BUY,1379,1411,1362
2025-10-08 09:33:11,INDUSINDBK,0.79,0.20999999344348907,BUY,748,754,745
2025-10-08 09:33:11,INFY,0.21,0.7900000214576721,SELL,1487,1419,1521
2025-10-08 09:33:11,ITC,0.34,0.6600000262260437,SELL,400,398,400
2025-10-08 09:33:11,JIOFIN,0.65,0.3499999940395355,BUY,321,323,319
2025-10-08 09:33:11,JSWSTEEL,0.43,0.5699999928474426,NO TRADE,1155,,
2025-10-08 09:33:11,KOTAKBANK,0.8,0.20000000298023224,BUY,2120,2203,2079
2025-10-08 09:33:11,LT,0.59,0.4099999964237213,NO TRADE,3610,,
2025-10-08 09:33:11,M&M,0.72,0.2800000011920929,BUY,3141,3364,3030
2025-10-08 09:33:11,MARUTI,0.22,0.7799999713897705,SELL,16205,13061,17776
2025-10-08 09:33:11,NESTLEIND,0.6,0.4000000059604645,NO TRADE,1173,,
2025-10-08 09:33:11,NTPC,0.35,0.6499999761581421,SELL,337,336,338
2025-10-08 09:33:11,ONGC,0.27,0.7300000190734863,SELL,245,244,245
2025-10-08 09:33:11,POWERGRID,0.62,0.3799999952316284,BUY,287,289,286
2025-10-08 09:33:11,RELIANCE,0.59,0.4099999964237213,NO TRADE,1383,,
2025-10-08 09:33:11,SBILIFE,0.35,0.6499999761581421,SELL,1774,1711,1805
2025-10-08 09:33:11,SHRIRAMFIN,0.79,0.20999999344348907,BUY,609,616,605
2025-10-08 09:33:11,SUNPHARMA,0.4,0.6000000238418579,NO TRADE,1645,,
2025-10-08 09:33:11,TCS,0.34,0.6600000262260437,SELL,3017,2789,3131
2025-10-08 09:33:11,TATACONSUM,0.77,0.23000000417232513,BUY,1120,1149,1105
2025-10-08 09:33:11,TATAMOTORS,0.62,0.3799999952316284,BUY,698,708,693
2025-10-08 09:33:11,TATASTEEL,0.24,0.7599999904632568,SELL,171,171,172
2025-10-08 09:33:11,TECHM,0.23,0.7699999809265137,SELL,1456,1401,1483
2025-10-08 09:33:11,TITAN,0.29,0.7099999785423279,SELL,3560,3102,3789
2025-10-08 09:33:11,TRENT,0.37,0.6299999952316284,SELL,5308,4433,5745
2025-10-08 09:33:11,ULTRACEMCO,0.15,0.8500000238418579,SELL,12149,10016,13215
2025-10-08 09:33:11,WIPRO,0.17,0.8299999833106995,SELL,245,244,245
